Id,Prediction
0,43261.28242937823
1,51916.462389499284
2,18845.883571254664
3,121004.37829724078
4,106145.83869065726
5,63817.52852921709
6,105689.3668900312
7,91656.2627239025
8,125477.03186987179
9,86072.73546708828
10,42314.58050279478
11,83081.26044923188
12,31990.81228779535
13,98807.65795801145
14,71374.66371487598
15,127961.97928208554
16,37029.81691081313
17,135287.32175456197
18,52143.95237182708
19,112501.7688654865
20,37148.006816998284
21,66932.6872019785
22,27609.509455609143
23,85992.0573988368
24,106878.57530345656
25,134810.50457381073
26,90538.36655287266
27,86319.98405246889
28,105122.07946624263
29,59990.26043103577
30,105742.85745338422
31,106162.87274515204
32,104479.21101694158
33,115979.09625751771
34,58348.76149038946
35,89422.85185412483
36,100347.21106460447
37,33802.78312895522
38,135287.32175456197
39,98262.50051032081
40,50092.18160239668
41,97862.8525886537
42,37708.07400025372
43,46038.95323160938
44,103445.2499642719
45,38775.104428538114
46,85052.37408319933
47,240410.8135899552
48,162349.7817884817
49,52390.666427317134
50,100370.20675705149
51,119965.24114195879
52,104032.20283207459
53,81055.5575538893
54,15186.230588411687
55,31380.323149869233
56,54742.01574624247
57,96186.68836033533
58,323981.80842137476
59,34664.41025767757
60,67137.13882966306
61,102847.12973096612
62,75801.72455769766
63,16614.988384597178
64,40684.231874047386
65,94238.10670388765
66,48056.2498486266
67,146804.54779662797
68,45765.43664000594
69,107279.08749495771
70,193034.20025924785
71,410015.41900189256
72,84162.09869346014
73,69198.29385270752
74,48634.4969480579
75,60342.79362962047
76,207386.5315705433
77,107815.25050266921
78,87737.80980623717
79,100488.52862921919
80,82844.20031091847
81,70661.60047744936
82,37522.84072722163
83,98245.25637888529
84,63981.55655561168
85,311784.24705411185
86,87479.62790783477
87,91702.83005738158
88,102083.57240182458
89,70075.06946490348
90,110769.53368849805
91,53165.55646654796
92,183682.38513171155
93,70683.25902417874
94,96055.52171691785
95,51907.36259854895
96,87842.24525029122
97,114364.58675211521
98,114707.0520228753
99,82324.95933665232
100,104519.46412552871
101,127427.78887563596
102,47916.61555074729
103,76683.79611509165
104,108995.45241013893
105,138977.05178214668
106,67085.59906595545
107,90632.73492576688
108,186295.60584235168
109,165517.19465486496
110,8500.74410196647
111,45597.379825451324
112,86849.45801957048
113,94560.64096005923
114,35005.475015932876
115,311222.2841294162
116,52945.05315308574
117,78821.54942207652
118,104706.33343512074
119,47766.027966150854
120,100858.87860320689
121,91575.62537966021
122,64344.62120375257
123,39689.837088152155
124,52320.79336622493
125,101240.6369007258
126,115215.13951227364
127,113388.59026317038
128,101317.51977035454
129,51810.534319219485
130,94038.54714815145
131,94476.27392227079
132,112369.56191317855
133,172960.91579026135
134,52158.822434899485
135,106155.51674736438
136,114020.01800214719
137,59955.82943524829
138,136199.5532727887
139,47265.52433497239
140,30151.720260396578
141,59027.51184441539
142,91571.63486799414
143,55808.45645771938
144,92248.85359125189
145,108011.54194323134
146,110165.65381136825
147,105320.84662081105
148,81326.47734271441
149,105035.8533054834
150,33655.470056727856
151,84691.75882609392
152,99355.92104508831
153,74884.40840265236
154,132051.07565067685
155,123088.37170127213
156,138909.1927488335
157,86844.95565306905
158,47987.72098736926
159,80910.18283440184
160,57535.06390771917
161,81266.6187245405
162,36700.737839943635
163,111176.94871483397
164,19311.069278337956
165,99296.91326685536
166,129696.08455591994
167,94023.09620224814
168,118296.20719031697
169,145758.35418803274
170,159151.77620148018
171,60976.786859397704
172,56528.459275701505
173,86973.33561878944
174,48487.550778902994
175,117932.7590703157
176,102303.60736485082
177,100427.12484413695
178,164149.01012547605
179,89406.15347031206
180,103213.95626285023
181,87164.21601102034
182,57857.24052029576
183,104640.82627099745
184,192221.98123638734
185,136639.75857178651
186,108428.90263556968
187,93660.221221228
188,23697.374425590067
189,69532.93747486814
190,45507.927761852756
191,155994.83146145608
192,91558.5974939947
193,105203.01261861828
194,131321.00706593017
195,118293.13776083394
196,55906.53137397146
197,89726.36216162007
198,106815.95569402844
199,100282.15720119893
200,280336.1976202783
201,65693.95905144761
202,108901.32216498799
203,69226.28732035166
204,22091.621336178636
205,89944.22681754806
206,122229.08892063059
207,91312.8740247752
208,42275.071441800086
209,57050.45262513166
210,93278.42693910368
211,115336.32090792975
212,83922.33739858797
213,40197.768812885544
214,218217.11724052107
215,135287.32175456197
216,81118.7158837275
217,135226.98811203946
218,64507.657071941314
219,590398.3645335879
220,90183.77633173835
221,49519.912973487735
222,40188.34077373402
223,35253.60489370129
224,90797.52338658548
225,138640.9060413764
226,39549.36878125748
227,106246.28801542208
228,138972.4026285677
229,124077.46733935857
230,37457.94946520062
231,109241.10137523101
232,33355.481631017065
233,122192.58792253949
234,71314.93556955132
235,79529.77385026535
236,81741.39165066976
237,55073.08370361464
238,119295.17557548625
239,96685.89366492293
240,159895.8442642949
241,85000.3047278901
242,150378.82078295253
243,94279.1669413185
244,67747.22527684814
245,87097.42607540352
246,67152.114781755
247,55428.75309229558
248,164302.07104558795
249,100008.28050040673
250,93900.34998732996
251,137059.47877806216
252,54936.16529929217
253,42804.22494926179
254,35752.36005712301
255,83576.203359238
256,112895.81071782227
257,37803.45341964426
258,207227.17856423894
259,114730.59262140047
260,86232.15845335282
261,162217.50450296642
262,95582.74803295215
263,33126.96342261337
264,107574.93675278754
265,59571.760058689935
266,186708.4726703007
267,65483.76428109675
268,247307.79953920154
269,50248.58191948377
270,104764.02949936318
271,140979.78836617846
272,38423.565755661926
273,103506.05642241723
274,90425.96232503217
275,25166.502488010316
276,324273.8098577341
277,128241.49971407048
278,77083.88409907008
279,55623.70599487859
280,88746.94536214792
281,160872.33568302926
282,109180.0284710688
283,36028.85140542312
284,83828.11502348343
285,113534.26889686861
286,51270.31396629692
287,53399.3940265284
288,127133.09643237472
289,106107.62769646222
290,117606.74166730004
291,28834.789431214973
292,45661.671135973134
293,106051.70840427878
294,53126.13162490098
295,116559.98551748709
296,160107.47177831747
297,29852.513930781977
298,86734.09774211823
299,106860.73302627492
300,143852.29539529124
301,30430.183289226625
302,87258.69344857114
303,89502.96735512595
304,99228.52635072179
305,81564.51429592521
306,68787.90045817122
307,117189.72598968436
308,73306.41505662331
309,58199.06302880302
310,185300.78581424343
311,92133.33093026026
312,57370.93928450925
313,88102.83868983462
314,115031.52988848953
315,105108.48301226393
316,107985.91090251294
317,25110.776707872574
318,83650.25136554787
319,35519.29989317115
320,56232.8549388455
321,43798.93226031645
322,28865.228280733907
323,63272.23385851772
324,25869.06280221459
325,108437.62411820692
326,86686.93621700419
327,78671.26436697197
328,105489.11488664104
329,102858.13521355209
330,27399.719879733733
331,144055.52458151418
332,151728.52871149319
333,106804.07271212459
334,87894.2860152138
335,113488.20349286286
336,94693.73596848086
337,29597.197120782555
338,6956.825903194578
339,145401.80980757938
340,113860.82816519354
341,77811.0321972704
342,93508.5220796549
343,44980.12663135635
344,145592.19064154796
345,197083.45836498373
346,82337.88575557865
347,89520.09731951056
348,106724.51783031857
349,102116.01107839347
350,67897.96724023887
351,105702.26031068953
352,86703.06171230182
353,59623.9265336815
354,201944.0979881297
355,154803.3711646861
356,105851.3279659842
357,113967.91439051622
358,54461.22634130654
359,112955.1764901876
360,81981.58626270284
361,91523.46466803834
362,93591.56264929418
363,17121.062879422258
364,114270.57901517792
365,88950.24335036441
366,160202.46991410066
367,119574.47916514367
368,124102.97016821014
369,55772.45384131973
370,106221.9643794874
371,93522.05629636634
372,104209.49128091994
373,132300.4421289967
374,141390.50300085812
375,114565.21243337837
376,90306.12987852916
377,113451.36095535003
378,104414.25339952375
379,108097.88386785713
380,45551.824289048796
381,90770.09038014422
382,52331.661683694736
383,33027.98088336558
384,87066.1228629852
385,108400.34402836263
386,114702.98560855688
387,95338.83861126246
388,341997.61143083626
389,34100.12120060382
390,51511.944495638454
391,201837.0749846059
392,105590.30155582655
393,97745.87485251257
394,76560.52290451773
395,106157.95172319256
396,56555.45365199298
397,101875.78849274357
398,96255.81351915502
399,101141.80466167293
400,112225.46967762434
401,336145.2232657401
402,8960.949485216755
403,84891.8263856653
404,118518.74764371106
405,57851.036368390356
406,89789.8695095559
407,21529.415482523254
408,99278.91108354523
409,19580.668513960263
410,100389.25738571683
411,86894.96302686684
412,201532.5896220802
413,97947.58635096079
414,89166.5206791704
415,97025.23586134968
416,68931.85138787572
417,21521.400501491924
418,17328.14623528788
419,69350.89433582035
420,84022.09131981779
421,108574.09464074195
422,95041.89189933927
423,106060.51206642846
424,53409.44730059309
425,52231.536779855014
426,84372.10699035773
427,86359.27667642929
428,90159.72480309919
429,85217.39919330273
430,35774.32838012462
431,91424.07853842991
432,88398.10060704709
433,45451.87180132992
434,113694.23064627116
435,88387.08529669682
436,105550.07418003763
437,98431.82543735263
438,24869.397337098424
439,85577.46714620267
440,26986.004162275123
441,68442.8636159787
442,59602.29077020209
443,90580.27213698758
444,113255.00991996522
445,124937.8319098646
446,104920.65087416947
447,66584.72590019814
448,86579.79407633275
449,39252.01597967902
450,52785.04410520609
451,76583.02679533743
452,106457.69611209499
453,84423.21348353197
454,140813.95801031817
455,42048.04423537252
456,136324.11726071202
457,41909.262039776644
458,112372.91431177485
459,96007.02169927828
460,81429.4831190328
461,32044.80243631816
462,44969.178184048294
463,102411.87581040559
464,244794.44198270258
465,90855.84690616337
466,58241.285784658874
467,63523.4379409121
468,182707.85070237867
469,128690.27368011161
470,114666.65728725349
471,89455.19264181438
472,45771.69361037606
473,34400.82676110938
474,101348.3769674308
475,87595.78944976583
476,16926.351588626334
477,108528.91347784101
478,47110.281201541366
479,106488.53308438005
480,129364.1292727893
481,3254.5060794995443
482,113782.29110993589
483,51968.89152358532
484,158637.25166458177
485,106943.17150962437
486,68276.17294838722
487,129641.56281335112
488,35578.78583341757
489,116039.63207322125
490,47133.71390417333
491,193079.91741852748
492,46569.43146247094
493,97275.04280397964
494,40274.48345870296
495,104103.60942359238
496,141484.87991803116
497,101451.4410559243
498,93810.94010540367
499,100172.13269483965
500,306873.8150928975
501,86943.22740631692
502,100541.77836683202
503,91436.884065534
504,41693.19923136499
505,106882.29336564074
506,51859.04231785808
507,174941.7081476926
508,978645.6863485496
509,95550.66831235848
510,82236.81569045805
511,94492.44099136317
512,81765.46849644881
513,103281.9318202695
514,128197.09007887034
515,82764.66212518568
516,150162.640172937
517,105573.39569993413
518,103087.25781921062
519,136185.7496551323
520,74814.09770646653
521,35881.57158908506
522,51409.946544213264
523,49676.327903071826
524,127588.31316999033
525,89733.31963248883
526,33947.4775671106
527,85959.92327718502
528,82427.90199264824
529,11437.176124983685
530,8759.775981585488
531,42725.90936696968
532,41327.39851898724
533,125087.89069732679
534,52640.047375477196
535,89268.98842835311
536,83299.85758025043
537,95837.94270316546
538,103457.80699652432
539,156085.82196251187
540,69727.39930927752
541,107237.52761778343
542,88351.72562157502
543,95382.31127154602
544,51231.47694394294
545,86333.82484959632
546,116321.2831910632
547,62465.38039631701
548,73607.76245979956
549,108164.62573245689
550,34613.1184744854
551,85184.20339154883
552,100035.90224713176
553,85839.69085590275
554,105451.57727678413
555,48973.29864638728
556,107745.24778505988
557,6890.346411849168
558,107701.47103062109
559,172707.8616181619
560,124142.2053376045
561,115406.53059766807
562,86793.58954918341
563,50451.43174774795
564,48397.05308882272
565,78970.51580063588
566,37028.184529793485
567,99378.10005568652
568,60116.628226468354
569,100043.42564130524
570,42722.39351937457
571,109892.14990341342
572,113842.07617321149
573,17339.48790374613
574,113995.74981785605
575,99246.94970427161
576,181502.88478118734
577,61066.116203532016
578,114393.34589225559
579,86771.51462804063
580,135287.32175456197
581,144941.2046171488
582,88387.08529669682
583,87128.57117369834
584,85453.42115753156
585,94926.1199238968
586,58771.535643420444
587,55571.9193726348
588,114189.3945845531
589,48110.500098261415
590,55499.50334288148
591,100260.43474124884
592,107328.2013010862
593,112616.13542115399
594,37160.81036628393
595,134294.0275884564
596,93106.50069282534
597,75801.96841118766
598,130958.66681933698
599,115818.04693018239
600,61252.606168341925
601,88869.4863556082
602,106483.33047295113
603,95139.15847450684
604,185365.37522604543
605,112137.6339770994
606,112149.3342180529
607,106090.50940538695
608,85868.78782707719
609,136669.4067195431
610,97585.78408560595
611,149678.84275490523
612,49616.676443597404
613,84804.72419559147
614,112131.01533215142
615,44152.01380167526
616,160107.47177831747
617,62839.32496071275
618,103974.42605003166
619,106386.27562360995
620,96570.08575041709
621,12541.61704703192
622,61914.05262555783
623,84023.2798629823
624,104579.23699570463
625,105441.24855461113
626,97805.85919703083
627,37881.058368927654
628,87419.46524233717
629,106161.71968078545
630,67771.59152719345
631,109606.30231671638
632,36156.53714079067
633,120451.03392251137
634,87427.71543649847
635,66487.77342039514
636,320699.19896876387
637,19337.07774634073
638,107218.61067599649
639,88056.44145524861
640,319084.9783321849
641,86890.80907203657
642,87821.99512369868
643,42590.89081210558
644,119699.93494749237
645,94189.60629566734
646,112139.431801524
647,140130.54613716167
648,145958.60587429197
649,83742.81544747535
650,86956.91406761753
651,50877.4898208425
652,97917.85034791582
653,114378.3223209778
654,389486.43548847863
655,487751.46149977215
656,85286.22903338581
657,81014.4741452376
658,36123.975044579376
659,62792.38077233358
660,117814.137731384
661,187352.41075293598
662,113227.6422516562
663,86442.9043176456
664,85837.7225464087
665,35753.25688873842
666,98149.85197506455
667,172413.52392674854
668,65554.00225067599
669,96871.97038674068
670,113931.41265793554
671,54818.543993980886
672,85882.73270098142
673,202949.26167739235
674,89440.55417146199
675,120777.47856078243
676,116174.15593696646
677,86132.22934071989
678,31999.75846577392
679,2420373.730049286
680,89054.09187580235
681,88651.53998349675
682,84956.52802526635
683,93623.21183478848
684,92144.07330175862
685,163893.37767834164
686,50008.18834560523
687,114200.18564402209
688,80755.90605798023
689,34807.93750574618
690,104078.41431491924
691,74987.0986049319
692,50508.30934948055
693,119520.82436645617
694,77292.31982022553
695,131783.59199485776
696,11820.860502832824
697,29275.96583360887
698,88021.45587646644
699,143553.58897711983
700,106163.06437592242
701,122021.53411633369
702,62685.5115436171
703,120060.36396106232
704,34724.438043970615
705,414178.8036017425
706,105403.26898685445
707,91137.37768365703
708,83618.17677120693
709,67595.39205441209
710,85246.4027960741
711,33968.35601989657
712,104886.05378928807
713,136757.8390174117
714,91155.94005825001
715,95858.78147952803
716,104454.81849248707
717,52131.49966176617
718,250667.62768170715
719,46842.37038014732
720,87744.90166375616
721,61620.01959932684
722,96353.73364411964
723,73861.48820255602
724,76161.34806217105
725,33384.85526991356
726,102039.56717360066
727,43748.68856948182
728,88043.63147901357
729,96645.38156025523
730,103738.59388738807
731,48746.25827165702
732,171647.97831547336
733,101046.88559157019
734,57186.89355159731
735,131678.37713928416
736,266028.81068331806
737,105434.73860133888
738,85768.6711803179
739,90074.56045782003
740,81404.54347777131
741,38705.79173861743
742,61574.043680614515
743,55457.05137798381
744,82272.23567045573
745,152932.26214530133
746,91680.80328242676
747,88708.66110569175
748,77520.12547739936
749,48473.62055939977
750,250068.2013050642
751,89765.3537020192
752,63299.26327558259
753,48795.59886530951
754,119655.04186550008
755,105537.67993369095
756,86594.31699803914
757,106102.84780320479
758,63403.93276314785
759,60567.09930554275
760,148942.60530015337
761,69399.44577760194
762,84134.54660154086
763,56994.01050556167
764,44519.67755948441
765,270713.7472296027
766,36562.21009199125
767,93214.39066414777
768,54794.069275705944
769,110364.99182506434
770,216540.9366412845
771,114716.29481066873
772,103727.08667046674
773,118287.26061378482
774,100348.64524990563
775,87717.7236481882
776,248681.0789326746
777,86682.38586169026
778,119797.51476765152
779,113264.07438537198
780,105316.86553054766
781,147826.29956476326
782,139350.9065529966
783,19863.626065227778
784,72911.14728999109
785,72767.19797759852
786,66750.90760693779
787,90924.83178571236
788,106416.9445907725
789,64452.329244620734
790,79944.15340001078
791,86442.34922052111
792,259079.0371927406
793,54185.633990212445
794,83978.82601849012
795,154803.3711646861
796,91329.18734873213
797,50680.08522814576
798,77070.26549850412
799,62574.96354731072
800,112866.61136263759
801,84595.91172208321
802,112864.73488039941
803,29843.55681789122
804,113476.736493069
805,85238.96748759875
806,68718.62927288107
807,90152.71038363798
808,64504.38057329084
809,43831.81148702449
810,124837.87443878672
811,90429.25277885281
812,12541.61704703192
813,55447.87395968368
814,134783.73921492777
815,90302.18001927788
816,64306.9673583017
817,105454.8619949467
818,140756.0955667618
819,147837.17038809502
820,105386.101219958
821,23697.374425590067
822,91562.49639667914
823,91358.64530587746
824,424628.2153537355
825,38446.09111089261
826,43130.94442197018
827,38596.545132721636
828,98683.70672074753
829,88389.37532488618
830,113928.6651693351
831,103290.69901471926
832,86648.83682961823
833,163023.93949281756
834,120789.36192346517
835,110192.96043662363
836,118380.22240291764
837,37016.21365349167
838,48740.00261771081
839,88337.14570739063
840,54582.47268618022
841,39308.67606123713
842,128062.18393376983
843,90516.44375937332
844,98462.43776248427
845,97725.99273952233
846,126338.0919241011
847,91468.64305566823
848,92806.60983005009
849,31533.166971223087
850,133355.26526170992
851,86894.2732416415
852,36472.31589926884
853,106372.15382291772
854,34563.83357909698
855,519709.8527945996
856,98268.76903237386
857,37814.861777776154
858,24581.827363842487
859,86923.59702551494
860,40387.59260529872
861,95483.96971931742
862,103680.21927500518
863,119789.914570854
864,199778.034592229
865,53614.854031277355
866,86605.22526712771
867,103528.1486154065
868,99136.66683759792
869,96772.97684630635
870,113819.16997092868
871,1112852.875903065
872,90436.10122011956
873,59853.33010633524
874,117166.25184420821
875,113730.16146062828
876,78214.94663388608
877,115850.56167528329
878,90682.36466896004
879,61570.41560613793
880,119591.19409026035
881,88911.7256823487
882,106646.58810842477
883,24589.736240427854
884,66361.16748757135
885,82806.76783838634
886,175038.93155331502
887,53646.51713210861
888,45733.62991670962
889,47612.8164276633
890,63809.19753262708
891,158565.0683031091
892,85934.85031802212
893,84593.5458111929
894,91667.23957934718
895,70690.09329654808
896,137766.90149738902
897,60117.969047913735
898,40800.04536066154
899,106449.23546811401
900,95626.06761014833
901,115452.80430423444
902,30510.555163596502
903,104430.54651099717
904,93488.78658947571
905,115395.88434300943
906,141516.13836043014
907,354421.6346719011
908,85807.06796273634
909,148611.67951001966
910,88205.86903958458
911,40493.544565377015
912,64047.31757170682
913,130389.01039505076
914,45065.989716438315
915,113617.15599881897
916,60215.0041960705
917,79882.50711240711
918,227468.69561418815
919,94604.66897252886
920,136921.63968072197
921,55673.6142437948
922,105724.94045808667
923,68497.74684962162
924,58527.70646638145
925,58949.150741064834
926,112211.57428422871
927,114478.59394152135
928,89285.9809499607
929,47186.76934204019
930,342213.79918540566
931,132812.2469327727
932,100831.46737733735
933,114444.78240969426
934,120684.28704967797
935,37450.20927658401
936,90068.92100423589
937,47453.50323264251
938,61353.2308753222
939,62335.80915304755
940,106051.70840427878
941,139312.13133261213
942,86572.5295458544
943,86817.58061185246
944,112547.51661223725
945,63544.655799389715
946,55788.295312850634
947,104781.06713682365
948,138016.18800167792
949,73608.4743723958
950,95767.80286433088
951,59043.50420494111
952,62322.414162893765
953,90945.48514420108
954,37883.96789817914
955,36054.48689892031
956,110929.78124828513
957,112556.12968913726
958,82127.2689037749
959,66295.03421428795
960,89225.35167184683
961,48598.140734688655
962,42121.653892200105
963,358658.20114328526
964,455144.87909520755
965,90899.96963046606
966,122664.40811098852
967,70075.67698612096
968,42405.157385223865
969,95955.15698499478
970,135369.00862290716
971,60910.143700885805
972,83283.6676565725
973,85952.60875351587
974,27089.37353304992
975,103332.57200835136
976,66405.49226246311
977,84264.05159119723
978,110316.40507574077
979,112375.8260135213
980,114688.7074762906
981,154685.6662979207
982,115148.26177901162
983,134186.5955241202
984,119360.5508406762
985,139264.21318091796
986,137697.9253733002
987,38096.540098575875
988,61709.805906109235
989,55542.169609093835
990,92194.21574427647
991,98822.41392676049
992,56767.33235479075
993,136657.04118589603
994,93123.56635306131
995,192853.91973950452
996,96685.79498331055
997,153252.02451076743
998,98840.50070527756
999,51495.745942595895
1000,143485.48295128893
1001,105725.50901197763
1002,74485.19559615232
1003,176782.26615215512
1004,72654.27838632953
1005,119722.1027892031
1006,67088.03660873235
1007,111933.74469582718
1008,113979.37120689674
1009,53601.23281473738
1010,106922.011193717
1011,55816.142550919816
1012,77307.12107131278
1013,86571.08658640088
1014,122604.49684051548
1015,33757.98136485157
1016,57031.84104421368
1017,39736.25539807466
1018,267664.5688759266
1019,49992.25183455899
1020,106756.36695806465
1021,149373.62819597783
1022,85660.40039925264
1023,34339.443982858225
1024,74229.725907378
1025,94768.81190862674
1026,35630.979191935454
1027,75193.87302368249
1028,5212.188311649141
1029,445403.8841632947
1030,110820.12715987387
1031,59238.72210462563
1032,83433.78576358967
1033,94631.749603722
1034,119797.03311378362
1035,37498.25401288448
1036,50165.672386125196
1037,95638.71509364274
1038,97897.5664509715
1039,100423.80668003937
1040,124692.95423210935
1041,68789.39840922326
1042,104338.95168809884
1043,76045.73959126063
1044,100415.96621717449
1045,56296.90848005295
1046,84157.86106808794
1047,157418.50665553
1048,118849.025055703
1049,102720.3612480318
1050,57078.561891450736
1051,97706.1341915985
1052,106148.83918809879
1053,45530.696026333666
1054,75457.15911620962
1055,14795.858079708254
1056,283776.10420900484
1057,114064.03034178667
1058,124221.48051836148
1059,112445.62120599019
1060,60753.866635916
1061,143761.96484082256
1062,32888.40755472194
1063,58283.070855290585
1064,240776.014578518
1065,88051.14732043646
1066,102374.32706416752
1067,130059.16657461679
1068,57988.950866262414
1069,87470.35498901425
1070,77643.95455157172
1071,133067.4669155918
1072,115199.21791779636
1073,356039.7376238148
1074,102029.8005079538
1075,108881.04134365682
1076,218831.18648795376
1077,27986.406648974953
1078,97621.25865519652
1079,84628.44922744668
1080,51589.00139804039
1081,95167.8456170441
1082,32018.869057405645
1083,93144.78884168524
1084,50558.00510818082
1085,114306.80093841172
1086,38732.54349052743
1087,78245.16135152688
1088,264339.400304317
1089,51946.98202451311
1090,50697.61064127914
1091,129759.51663721581
1092,24153.867096880575
1093,123901.16610220382
1094,93859.10717641609
1095,107398.81012843548
1096,127571.66919241512
1097,149284.60991039814
1098,144231.43361249618
1099,48832.46041464311
1100,37696.55494411094
1101,98755.3230837723
1102,97114.27375580509
1103,89519.45783933451
1104,187948.97752108448
1105,113447.70051628024
1106,83550.25401566792
1107,126819.39326818778
1108,92307.99687325844
1109,290302.06269041175
1110,38248.7569359948
1111,15274.686601272959
1112,56115.560834931486
1113,99884.5511326686
1114,106134.57511187923
1115,12541.61704703192
1116,86987.87953270761
1117,116039.9817216031
1118,114155.10292823937
1119,108400.34402836263
1120,89506.98755969561
1121,84555.13438344731
1122,109314.24460485167
1123,48569.47527277919
1124,117485.1306568311
1125,96428.02428730956
1126,128963.84833626942
1127,124287.67508048519
1128,94442.47302818616
1129,87160.11006557745
1130,99649.50901906946
1131,92200.82687604135
1132,170036.22906785284
1133,44645.06427094882
1134,89132.64548211487
1135,136628.19468053203
1136,94153.62077407436
1137,113577.00622632094
1138,308940.78369470756
1139,96874.53482483716
1140,77667.73164539009
1141,94213.56664866715
1142,38045.89661917993
1143,100242.16427235177
1144,150160.54501117795
1145,88994.94521084185
1146,56968.12779709922
1147,62276.73994775055
1148,95873.52938161751
1149,102684.51546995835
1150,35562.96596527519
1151,106131.73834962616
1152,58214.81717963559
1153,103979.714273848
1154,45038.29811826482
1155,107598.62277287683
1156,33889.98753052355
1157,121930.66797255709
1158,33574.08040371271
1159,87446.36506880318
1160,118382.46877776204
1161,117341.88986280219
1162,136699.25115242932
1163,43712.59148995034
1164,133384.13344192284
1165,47133.04599520766
1166,119965.24114195879
1167,115979.72159941866
1168,122133.75765449977
1169,139261.6934123647
1170,195606.9712969637
1171,39387.93155646042
1172,53406.19643956711
1173,59096.28765555298
1174,45532.18887848212
1175,84287.51113901069
1176,115879.68730345326
1177,127939.02953768802
1178,102429.79880790874
1179,126343.46570376946
1180,94975.82174996879
1181,238864.01229933876
1182,102842.26037635186
1183,105663.80344477763
1184,90617.07152069914
1185,31709.653932302826
1186,106162.8071502673
1187,12893.480540302928
1188,39111.29945868318
1189,97881.23452110554
1190,161299.69674739247
1191,60092.33450466252
1192,43564.07460105357
1193,106615.61892180739
1194,115063.43091515756
1195,215695.7696622901
1196,30487.53751261215
1197,55357.48278580941
1198,98827.02518225426
1199,104810.58781147523
1200,68171.03610845451
1201,246308.3045836931
1202,42626.93824388851
1203,128528.2264926216
1204,105748.05819067358
1205,121831.3314497604
1206,97877.83927086287
1207,45766.43848136894
1208,83490.98461838327
1209,44733.28451813344
1210,122593.42088183206
1211,80254.52603971478
1212,44273.88408516931
1213,62542.61239485808
1214,98004.823429567
1215,110625.63290909564
1216,113275.91782093821
1217,51741.767597230966
1218,30157.975361340097
1219,134407.13611468964
1220,81844.39655061594
1221,106756.36695806465
1222,24335.56044295858
1223,42402.339822491165
1224,50061.93684873622
1225,94322.67065131314
1226,43322.989002358896
1227,34399.32518920822
1228,40894.98791551996
1229,105488.08036160185
1230,102763.53886297157
1231,126302.19405397541
1232,178381.29989728238
1233,272234.82173953677
1234,37087.07219489907
1235,84133.64700129532
1236,76622.35911369677
1237,30533.35282378128
1238,117643.8483545549
1239,148442.86275870912
1240,42271.753883432364
1241,42402.00466669281
1242,116306.87511714098
1243,32039.170230429547
1244,121128.9659619464
1245,106306.8883182154
1246,104488.89503510465
1247,104920.65087416947
1248,90229.95925241252
1249,79673.27925912928
1250,106125.66651896064
1251,116839.70324519176
1252,100035.05063058995
1253,45813.221668166036
1254,91511.0253162974
1255,201807.56492263998
1256,71580.26698603219
1257,161532.95942714845
1258,21502.87988130341
1259,71127.03022822816
1260,34601.84849921285
1261,179816.3104048819
1262,34397.244448896774
1263,108400.34402836263
1264,105333.19238593425
1265,67826.62809651636
1266,6974.398748253541
1267,46116.71403632889
1268,349533.5260315258
1269,86177.70025582216
1270,48384.29311201023
1271,109879.41921074541
1272,6674.28934126324
1273,70205.92476029911
1274,12900.598207829753
1275,341521.5362386543
1276,69779.0330845985
1277,38243.216392246315
1278,167037.52438085264
1279,105144.59790159354
1280,104653.40278919514
1281,106160.45463657993
1282,199157.6511274252
1283,89949.04955960909
1284,108663.6809797295
1285,135007.39444586448
1286,57028.19866709698
1287,116242.75085060378
1288,104916.41344461587
1289,109356.31445774435
1290,83510.09845575516
1291,25734.188752717542
1292,127305.7334667291
1293,83046.21843777191
1294,59858.7676981314
1295,56404.797655710325
1296,119965.24114195879
1297,75071.21456490642
1298,106749.73062986947
1299,88823.01084792701
1300,73795.75513731451
1301,84814.59176099034
1302,56995.50516583916
1303,107775.14218524098
1304,105094.8186014651
1305,82409.60018204
1306,97913.5743091424
1307,129100.28200816955
1308,87965.94841483924
1309,33735.994200777364
1310,89181.07769107076
1311,106101.5401223242
1312,123159.94473966256
1313,241571.9860433017
1314,35311.837530187564
1315,134972.57486357167
1316,104900.27753968048
1317,90429.12814857182
1318,37070.26565369395
1319,46958.83916259148
1320,72881.86111444871
1321,143334.69343027007
1322,11820.860502832824
1323,105092.59540340763
1324,7664.234511083545
1325,49667.8464872481
1326,102021.4831324153
1327,102866.57464718021
1328,105566.58823176213
1329,93228.45006521809
1330,57459.4537295215
1331,224878.59057176008
1332,45822.30305956774
1333,37119.97435545675
1334,209821.36829079618
1335,12900.598207829753
1336,87262.42700898774
1337,121460.69659100323
1338,25351.50742213522
1339,64999.77032873122
1340,158857.14999100182
1341,134886.40945274296
1342,45241.663674864256
1343,127693.59233753018
1344,119574.47916514367
1345,43741.12119365383
1346,63581.64040080509
1347,107522.60548393184
1348,101944.9070521927
1349,118125.90487747804
1350,78138.04081249038
1351,51574.38123804727
1352,6950.248178578557
1353,83512.24485759427
1354,124478.97087373429
1355,38164.641631145685
1356,50269.06734552629
1357,126251.85812252991
1358,98730.74226414003
1359,74538.15781510856
1360,104272.2649457128
1361,40279.31619045092
1362,125547.81308895054
1363,97882.71191587661
1364,98455.11864945538
1365,95894.29769889942
1366,110017.63137498581
1367,85602.92836812521
1368,105014.38452701838
1369,11039.23062121846
1370,10978.50507376391
1371,13047.287606582402
1372,42055.05924367229
1373,103322.25214411342
1374,159991.7747439933
1375,62558.631826617464
1376,60715.26187243937
1377,58580.64043757781
1378,38290.97782122591
1379,411666.21000453224
1380,90339.00814457407
1381,118702.84905840548
1382,116220.53419208467
1383,102202.25709653157
1384,145220.0187404916
1385,43864.46602220247
1386,50926.02410389621
1387,118265.34125805377
1388,35154.947497001645
1389,98295.8749611403
1390,35316.26472347471
1391,99004.92385792804
1392,155949.37677242758
1393,224089.5750662558
1394,26206.20148367308
1395,104285.63629528738
1396,80653.23523938056
1397,96521.39662906317
1398,84449.0541562398
1399,120375.08206237097
1400,116484.83188334548
1401,14057.371174463246
1402,61320.83050919113
1403,89279.67979730043
1404,90335.04790646891
1405,87447.86908045005
1406,56025.943876077494
1407,109474.87617911141
1408,16632.870580919494
1409,37480.14509200883
1410,124145.05574670174
1411,85550.36004851313
1412,33026.488031217115
1413,17736.576459155207
1414,159989.8380394319
1415,78898.92430748673
1416,88679.08673305612
1417,19846.71531948747
1418,66797.50274394745
1419,35665.314367901425
1420,42185.76254236621
1421,65737.88801593469
1422,87945.70638230284
1423,126524.81382504255
1424,88691.99258068128
1425,95949.87613693348
1426,120450.44497415346
1427,87473.27083067123
1428,104330.31544756102
1429,45762.68905321795
1430,70433.71888642033
1431,50091.017837087085
1432,111926.09222690393
1433,101318.1630687598
1434,124245.76438079313
1435,135287.32175456197
1436,90494.83237570382
1437,53389.64850936856
1438,41063.38670107098
1439,85853.68909662234
1440,116057.30357203163
1441,100445.10967377738
1442,99430.92642756946
1443,70152.91641211613
1444,88620.51569048433
1445,19317.163160520453
1446,172661.69463379268
1447,54562.22434479922
1448,56201.04589592315
1449,106151.7797130743
1450,15090.84144719028
1451,43917.76560072755
1452,53719.206124884906
1453,159069.91711603553
1454,45481.035249945824
1455,105000.5051497708
1456,44998.67918307426
1457,68327.75762391719
1458,106386.27562360995
1459,48959.73669441811
1460,114409.84235727268
1461,85170.131566563
1462,107628.51541680122
1463,171877.3856055449
1464,90538.36655287266
1465,42776.512699867315
1466,99808.27833168695
1467,38683.951243634976
1468,56488.16793728336
1469,8311.13498580661
1470,107899.74889610948
1471,102303.50507263695
1472,125169.2800509025
1473,100337.61372539622
1474,56108.29452094644
1475,66804.1201707388
1476,29848.0353743366
1477,233790.42151149304
1478,44270.00824628466
1479,48307.025663931665
1480,102504.80030295647
1481,50499.880493445395
1482,73018.00499168407
1483,47037.762199451856
1484,100558.24961674606
1485,120781.36473542832
1486,60831.09878342193
1487,82620.03279132716
1488,110428.1667341648
1489,36010.52235883287
1490,96541.13474900067
1491,1223251.306284354
1492,103441.73782672947
1493,107616.1117680702
1494,27092.138781148205
1495,349703.41645924683
1496,85709.16980900105
1497,96342.18198191423
1498,121207.86219796703
1499,87129.27211795391
1500,106161.57068669013
1501,128727.88817244886
1502,105288.58645871273
1503,45005.00663561133
1504,88743.16111994277
1505,99062.30285384855
1506,144330.4692660913
1507,133110.640444746
1508,50642.56963900283
1509,68386.48222646365
1510,80161.02203286096
1511,130278.73763417568
1512,89119.5318122761
1513,115170.16410038194
1514,114481.21802548769
1515,94554.66166037346
1516,59421.10603536281
1517,98234.42928022519
1518,103872.90159803031
1519,83174.49561978938
1520,135287.32175456197
1521,94968.18793348341
1522,89605.67928040339
1523,128621.24829612278
1524,133884.10646439582
1525,107899.14578802286
1526,57005.47847980472
1527,36997.872059922694
1528,96468.47961361079
1529,88287.44331745023
1530,36547.48620155739
1531,112238.388327032
1532,87074.72897829275
1533,112186.6555217644
1534,115693.69928481079
1535,86759.105106257
1536,112568.62129786443
1537,96738.74508891898
1538,87083.29841501704
1539,78965.58357144098
1540,99085.3445922125
1541,179542.00804699765
1542,105788.25145629229
1543,42497.37969779262
1544,118886.62492359565
1545,128727.88817244886
1546,110800.07105533258
1547,35738.56761124756
1548,143358.933608755
1549,100030.69606731362
1550,101068.46594398405
1551,84908.2165481629
1552,174517.8200379752
1553,162778.2166001232
1554,107607.17509467552
1555,77130.77426603515
1556,131108.85517474037
1557,107773.59976838004
1558,87149.87008952523
1559,59576.175611349216
1560,52879.04162444032
1561,85012.7899834063
1562,119706.43767580767
1563,45197.32254703844
1564,102921.74066252891
1565,37247.495852017215
1566,104113.0546184587
1567,131736.53434607986
1568,145322.2538325762
1569,65773.56763127101
1570,42971.40149676647
1571,87229.0175353349
1572,11559.201190347296
1573,101371.0918275997
1574,117999.85240457916
1575,91439.84845112408
1576,98071.43096755249
1577,110592.00718998598
1578,98720.96379640386
1579,92460.51116287573
1580,33998.50403876553
1581,36728.01303002759
1582,115305.66532332062
1583,29728.11497554285
1584,80209.92503282936
1585,78668.64746367
1586,56182.27575444164
1587,93347.70137193448
1588,104231.5181202699
1589,108748.16935397928
1590,88902.85887126373
1591,48057.17528345557
1592,99257.93584927863
1593,45432.471369459876
1594,160533.93674279016
1595,84042.15135077879
1596,81194.62681562202
1597,114954.70767289259
1598,98118.60302660073
1599,54639.10728630716
1600,24749.146737368545
1601,142701.43166298378
1602,147714.3661252496
1603,46957.50231029974
1604,106675.13941309959
1605,155518.96239560033
1606,35846.08833145708
1607,74247.89842595441
1608,1558372.0129286824
1609,60507.18630019203
1610,72294.37421468225
1611,27976.22061005223
1612,88091.96557449337
1613,86189.79826487554
1614,96281.8167765304
1615,39139.117559650425
1616,139889.80304725957
1617,104383.4108794777
1618,92624.58108152587
1619,114337.42765862738
1620,85604.15783597363
1621,52976.13149145643
1622,46763.235400819205
1623,134478.59827885276
1624,48905.39516975029
1625,55039.857062496056
1626,96340.7169483999
1627,56504.688826922764
1628,71036.9326042641
1629,86130.84407692509
1630,65930.8610768653
1631,81545.77096584986
1632,94420.71098364804
1633,107662.45409227801
1634,11255.28769180438
1635,99970.46309587479
1636,61021.81683900936
1637,104646.02008491871
1638,98215.31462809168
1639,127618.62942685872
1640,18671.747198065554
1641,94790.27786735642
1642,114650.20702723284
1643,155823.74107423238
1644,97454.74858379463
1645,86087.8668530857
1646,48514.869269795614
1647,68662.98549702759
1648,27057.65524378023
1649,30486.62028766782
1650,126251.45035023436
1651,46325.43530220119
1652,277848.57877052185
1653,112287.38932053531
1654,103039.22669396226
1655,128119.78025987819
1656,86240.69393397059
1657,104144.54859675746
1658,50804.06195194696
1659,95033.75831421609
1660,139129.36387527373
1661,99343.91902978826
1662,115265.92418866434
1663,110192.64913302452
1664,105353.06138597455
1665,93103.70750712579
1666,123020.03372188182
1667,81699.71121063411
1668,98779.11614895445
1669,98500.28053368161
1670,55039.3877867089
1671,85127.91736208113
1672,96286.5410576374
1673,181947.63458338164
1674,70236.9163392265
1675,259458.23235908
1676,104576.77310021083
1677,63012.09035085286
1678,40803.10809391033
1679,101563.58258459771
1680,48561.19913074597
1681,178565.50420374877
1682,99927.07735516012
1683,266081.8226800078
1684,86811.0533950196
1685,90715.29031578393
1686,433586.68351505353
1687,193162.59695142845
1688,95917.52265185177
1689,127034.18296376923
1690,46377.85687752074
1691,36434.30224903491
1692,98970.13709269157
1693,190299.05334937124
1694,113500.22615140797
1695,84484.44735933727
1696,104700.34108310373
1697,6934.625483998101
1698,88408.07409404394
1699,87494.4505167513
1700,92418.97886237143
1701,88341.97718251134
1702,71961.17774969405
1703,108428.54561198279
1704,89989.37868600668
1705,88460.81717065681
1706,84743.76279544125
1707,108400.34402836263
1708,114731.55452353157
1709,92821.60498655261
1710,52959.753140059605
1711,103641.06147149543
1712,87339.37106763167
1713,112018.6949320358
1714,57711.633520401156
1715,332564.6195409916
1716,45025.01879852538
1717,93461.25007788876
1718,35568.96953020549
1719,48039.44075201976
1720,103051.31413870974
1721,79019.45447079164
1722,45625.79360372486
1723,100202.10312717072
1724,130114.14457173766
1725,103109.73459593813
1726,116231.58753829238
1727,89268.98842835311
1728,88433.85369700205
1729,137498.26523624588
1730,105671.00341104557
1731,103962.20712861101
1732,85519.04142386682
1733,86014.3847070743
1734,106571.90305644415
1735,70510.17137627972
1736,62428.86920404203
1737,103644.21236863696
1738,21327.71333765772
1739,44680.12582039137
1740,40740.26118516909
1741,106398.10503345674
1742,97706.1341915985
1743,44392.94535905909
1744,99253.92809797052
1745,28702.613384902426
1746,41490.93627431264
1747,123159.94473966256
1748,50045.920266191606
1749,68724.43291090372
1750,67895.81021489254
1751,114613.75455358431
1752,39390.085461396506
1753,145437.69173563272
1754,119966.89304377204
1755,160868.47720275936
1756,38378.92363029813
1757,97775.41779070579
1758,88413.73646491765
1759,146054.451796991
1760,85364.10276788998
1761,109809.58291034482
1762,89260.39847638085
1763,41829.630852594615
1764,60227.65753760532
1765,46171.341773220935
1766,90914.46208087608
1767,21700.591229153208
1768,213431.40441878367
1769,111533.03867338551
1770,38758.151472760976
1771,113196.51767099636
1772,44285.83990201853
1773,105480.016407594
1774,105811.43000684438
1775,117534.65148337638
1776,10762.323651595325
1777,86908.71679591892
1778,107452.95402411548
1779,110715.45880791383
1780,116347.93670018423
1781,93341.78806407592
1782,105096.54243825257
1783,51746.02852899011
1784,55198.075973644605
1785,71084.29020642121
1786,37063.97031079928
1787,38797.71303547421
1788,34477.59495010212
1789,46961.07229594876
1790,97408.27518284979
1791,64271.0909778551
1792,85027.53591343938
1793,139191.92337573896
1794,40956.46319056135
1795,103775.6995192778
1796,120227.99832000355
1797,96359.12840694647
1798,100002.55539322927
1799,96898.61770595727
1800,95710.87140327644
1801,125605.39841751954
1802,104889.2562252676
1803,91198.78621986773
1804,37075.02991662435
1805,115144.33039887469
1806,107885.13983297929
1807,106416.84143428977
1808,90702.82469999249
1809,85623.28498634955
1810,104483.1418436638
1811,120227.99832000355
1812,114075.38247365908
1813,120227.99832000355
1814,87791.92460434222
1815,37255.09818324453
1816,100413.18218285256
1817,93867.58493124307
1818,119225.91518125204
1819,88646.83904378836
1820,65511.73319618005
1821,93351.82876678863
1822,11255.28769180438
1823,82630.35417058508
1824,101092.15582183762
1825,102274.04722415522
1826,132291.4197996172
1827,53920.126750911615
1828,53862.40114028538
1829,113190.13669628413
1830,94602.63305294115
1831,40712.11762926643
1832,41746.223481960114
1833,19358.96302067733
1834,130417.87703190769
1835,10642.312426874632
1836,59244.97365379524
1837,62142.69489719256
1838,174029.64882181125
1839,91381.67043902651
1840,130809.87507698966
1841,106161.58052592284
1842,106798.45029343339
1843,96461.28966812193
1844,68155.13059494268
1845,84518.27316670548
1846,138119.7719561169
1847,427027.46465672913
1848,113143.08255693996
1849,17908.96315232008
1850,96487.34653913302
1851,103279.66141750557
1852,96178.87502204072
1853,106155.3457321292
1854,299379.3844806303
1855,77217.81675918127
1856,110335.94688970137
1857,129534.91238633594
1858,114059.10106615692
1859,91412.09645502079
1860,397508.58266902907
1861,30425.24815796969
1862,57612.9658658876
1863,68727.29284787796
1864,83935.77998557924
1865,88023.61313364592
1866,36299.62300542665
1867,104834.30142887277
1868,19054.502948173205
1869,39170.278226333445
1870,4439.029225473121
1871,34806.13291728894
1872,54312.178020091305
1873,116338.97369042957
1874,109544.79772229856
1875,403183.0309256286
1876,89137.32175477193
1877,36686.77822535488
1878,55390.742482013404
1879,95870.58585401681
1880,29944.10303145247
1881,150378.82078295253
1882,106300.56341070178
1883,104991.69060286767
1884,117611.7957280434
1885,90870.49272931107
1886,93258.2291253977
1887,98180.11209522208
1888,108390.20328201508
1889,38287.53361928792
1890,151961.18192129175
1891,136852.69307692366
1892,37883.452997687826
1893,75095.299509521
1894,50698.548096761035
1895,59777.46144255725
1896,116775.60814878957
1897,206672.11456338956
1898,21087.37160162012
1899,126220.84208139694
1900,116714.7421450152
1901,143186.37729786593
1902,96562.9750996562
1903,47676.4098052191
1904,63366.141169490744
1905,94941.90566955294
1906,47845.930361530816
1907,114403.41640124352
1908,38665.388614031006
1909,21320.797132358013
1910,100293.41554138176
1911,106158.39214599004
1912,147579.8314852019
1913,51564.13026147966
1914,116253.57588072387
1915,105899.98672941329
1916,34402.467995353436
1917,95643.19105105987
1918,35129.36302623184
1919,104769.70439396217
1920,147257.45646576688
1921,74375.6155847969
1922,214413.90502346074
1923,111416.93612159109
1924,76577.88168145543
1925,86564.74780183732
1926,44384.48413339591
1927,46290.41733798743
1928,54802.31944119444
1929,115339.27689455663
1930,86656.24683677948
1931,47453.52532696871
1932,34994.158283658835
1933,157823.32965470973
1934,204359.36441028077
1935,74943.0917403907
1936,140956.9252643257
1937,235069.75266474992
1938,50690.27654607584
1939,108400.34402836263
1940,40354.542293292994
1941,89733.31963248883
1942,112108.16066870657
1943,125738.79967064814
1944,75594.86066948155
1945,107611.90167465525
1946,109395.18680880865
1947,27903.541220508574
1948,49148.3077658204
1949,26918.60523427905
1950,121697.22332098345
1951,111807.87014028517
1952,98318.50672146164
1953,114662.85184686932
1954,81429.12776060443
1955,95606.14762760741
1956,92026.55500169919
1957,238309.66288782633
1958,17433.53758909909
1959,119985.0602917671
1960,44444.580252257
1961,8500.74410196647
1962,31197.929457170278
1963,89226.16142250707
1964,28420.96832363626
1965,125894.50327543136
1966,108700.08520368523
1967,47915.74892462441
1968,121649.35780252625
1969,116287.84499118164
1970,107844.83282497089
1971,99476.90529151904
1972,421369.8084209744
1973,84038.23967123406
1974,84198.04959889608
1975,94486.27066369532
1976,47496.573681814436
1977,45604.783113126636
1978,79331.62918725112
1979,53892.499468474765
1980,120008.88985239815
1981,29140.921562540207
1982,86289.47385564419
1983,52689.957701370775
1984,53289.333947068386
1985,64282.09355068371
1986,34335.83721400076
1987,123834.56112568451
1988,94987.29109896306
1989,100420.65203461872
1990,15779.163743275538
1991,111050.46204775601
1992,198989.17541526468
1993,90547.8596908584
1994,139242.47286556585
1995,255803.20785400085
1996,106865.08033081763
1997,96011.47457998463
1998,63932.622602056756
1999,87369.59746910281
2000,49615.212546771494
2001,96192.9996465429
2002,114592.92088825595
2003,91704.13739245132
2004,41758.80042770299
2005,105712.01995511247
2006,91078.50421067695
2007,85455.09480383506
2008,83990.08898699644
2009,133876.97253631882
2010,70007.90170854396
2011,200053.70340662333
2012,99581.82292258079
2013,74039.60064160793
2014,108913.81080590724
2015,76852.50588345421
2016,114061.3044057912
2017,134480.8978443753
2018,147332.64956232923
2019,254731.20764393883
2020,99516.88992961367
2021,86330.31695814147
2022,53619.67190763565
2023,38753.54330347618
2024,53965.81623363109
2025,119728.05319396361
2026,46070.13843924661
2027,100079.31893445666
2028,72107.87790967262
2029,35348.75841628446
2030,66828.4990207868
2031,88223.28541855034
2032,41791.987767526356
2033,89915.73367247797
2034,74216.93467065993
2035,88984.30056665474
2036,98276.61208616936
2037,96826.82029125676
2038,34354.67530372676
2039,106047.07622099743
2040,69320.35349233424
2041,114301.80729354416
2042,90978.42232174143
2043,90405.53554267377
2044,145875.62400604913
2045,322032.7301758671
2046,91551.23478051282
2047,86702.42471939426
2048,156865.51423996326
2049,19339.55594274735
2050,37297.07974859966
2051,114731.55452353157
2052,48084.31588816563
2053,88472.63386138971
2054,109820.36319278638
2055,109788.1389501581
2056,104879.36826492935
2057,53652.65529117361
2058,84841.54450620632
2059,103342.87040525407
2060,44651.77133376277
2061,119798.61816731967
2062,66969.55308548223
2063,97484.1793612734
2064,89096.48261084703
2065,216211.2058231951
2066,39555.40427346196
2067,62104.2331729031
2068,314601.74926717614
2069,57053.21556248625
2070,36351.55115992717
2071,50898.303183947835
2072,23073.98211299652
2073,99707.39481066247
2074,99853.67762406306
2075,108735.69514771456
2076,117655.86695535788
2077,120344.81706273682
2078,60368.61658287066
2079,90344.40746681896
2080,93994.49665357448
2081,84286.82822960491
2082,87053.15028433941
2083,70986.93574305464
2084,45712.13562770728
2085,89943.84638635913
2086,60289.54190759479
2087,118265.69585010283
2088,114390.19405804428
2089,22419.55324632892
2090,103788.65231053233
2091,100153.52530018112
2092,86148.92796633943
2093,126110.5325411671
2094,107452.95402411548
2095,67073.36671703115
2096,83119.22748331181
2097,60882.17453091491
2098,114472.20341418612
2099,95334.98148064293
2100,106755.07708150991
2101,90720.41457152837
2102,139265.6123571478
2103,100242.92551489777
2104,108400.34402836263
2105,108179.66569599975
2106,29547.91994256268
2107,183699.42742116918
2108,86779.28566965404
2109,102329.00426372747
2110,126501.1273492514
2111,59495.67494703217
2112,83964.81823889428
2113,40209.413961674785
2114,63446.43480707446
2115,95767.85474095489
2116,189122.0610756314
2117,105680.18810051255
2118,76009.27516709163
2119,86088.77977052123
2120,130454.13142396607
2121,121314.00132217728
2122,336243.8287838757
2123,54637.90080896301
2124,169884.0215000761
2125,119079.3996229767
2126,31768.12746954074
2127,67587.0415468189
2128,63158.52337432471
2129,49874.07951141281
2130,88247.59361256748
2131,101661.18881097052
2132,114727.63944598292
2133,46787.686408315756
2134,46820.802036039415
2135,118759.3558543948
2136,93967.01533710447
2137,51708.21429297763
2138,61036.17018228477
2139,67225.29622734261
2140,68870.59125845837
2141,86666.16735824081
2142,86867.06271118154
2143,78824.08387961338
2144,236575.06537647796
2145,172263.26146049547
2146,27767.730796394535
2147,92779.94491814815
2148,51480.72966518112
2149,48306.063877234716
2150,97941.6509161909
2151,106816.29819303371
2152,177674.6119636831
2153,55688.06850317195
2154,99153.10491571143
2155,84760.34719113901
2156,132068.50240488764
2157,81560.61632526995
2158,52115.265581834814
2159,74602.22762320894
2160,424655.92766532215
2161,79304.56899375944
2162,120152.33836395152
2163,92596.71602814503
2164,149714.99613562628
2165,50844.361109898164
2166,55078.11077741491
2167,55186.178881382904
2168,96917.14585313556
2169,99558.62636920535
2170,39225.88391877418
2171,263918.11964280065
2172,127723.32657582148
2173,91041.51907827762
2174,120017.90607216653
2175,62552.49927558548
2176,89543.46920232155
2177,131112.25320666708
2178,35227.00254330485
2179,31705.136298387923
2180,153253.51736291585
2181,103454.60848018341
2182,17346.549913671282
2183,94844.0305878035
2184,99589.0528107359
2185,112046.71840871427
2186,91023.53897325908
2187,57564.92173257086
2188,175155.918048548
2189,58809.47042994888
2190,114277.43605315553
2191,11174.215394657851
2192,101421.56712969714
2193,121067.24251537716
2194,56936.84468088273
2195,103073.56751560689
2196,113272.12914137232
2197,45554.76371001733
2198,96082.8077568959
2199,94826.35009543253
2200,52818.62357901703
2201,105129.07539140941
2202,70441.16581011676
2203,323081.80462901597
2204,43964.09782318804
2205,126829.18954078665
2206,63571.09799284609
2207,49505.49672223194
2208,113000.05420493904
2209,81063.38007374616
2210,50804.75874798173
2211,86529.60508735086
2212,158177.90151576808
2213,91712.56511695159
2214,83901.90913056658
2215,290336.17646441614
2216,108958.6602392935
2217,73316.86502166254
2218,14057.371174463246
2219,81550.51099919443
2220,24416.347237968745
2221,978645.6863485496
2222,83337.03869476408
2223,70164.87036822493
2224,33285.404646210525
2225,93739.24752485794
2226,92324.61230703023
2227,45496.27067310046
2228,97487.62476485639
2229,85866.72426902119
2230,227250.1578970498
2231,146943.09836646082
2232,81280.78572714108
2233,86204.5797517987
2234,85589.45455514984
2235,91203.00456695704
2236,40345.08942209215
2237,162211.91727096413
2238,84004.65448436864
2239,107632.66694706983
2240,88258.38824197411
2241,50201.662250562906
2242,85129.76378950353
2243,31527.86983350519
2244,108400.34402836263
2245,93633.82504724892
2246,162589.81195986673
2247,38796.244599914746
2248,125762.05905006496
2249,81043.77545844187
2250,73491.51005633517
2251,119574.47916514367
2252,88729.11799768612
2253,280602.5674857034
2254,107944.97104177234
2255,64339.75395147088
2256,87217.42976889234
2257,87002.98241587957
2258,104302.16935648612
2259,33430.89444033695
2260,48688.47942814753
2261,38585.68879403616
2262,114688.7074762906
2263,138530.72280526953
2264,150016.30908229324
2265,76723.1344443857
2266,103331.74181183991
2267,86738.55478857995
2268,102525.43188398896
2269,107098.61553398162
2270,100422.5486638572
2271,37210.84997612914
2272,9135.46190402758
2273,44931.8568803368
2274,98191.08174160076
2275,135420.11549162434
2276,21081.400193026282
2277,99611.2336467171
2278,84237.3344677326
2279,83210.03552083217
2280,340617.128204506
2281,89889.72128517368
2282,56424.327470679724
2283,66869.6736574678
2284,68691.50193609447
2285,12906.22204393737
2286,84974.30872186615
2287,19490.79453130804
2288,121979.97031564008
2289,60165.53397927883
2290,117961.03616794913
2291,127231.25923223388
2292,46725.97658633662
2293,27311.41943708429
2294,159128.0324465615
2295,117376.05777962193
2296,5212.188311649141
2297,38618.71554540486
2298,128081.4278063519
2299,35984.22862209102
2300,117341.88986280219
2301,84232.24786738941
2302,56024.05796913068
2303,46005.57914928382
2304,7220.486437488566
2305,89362.04348937873
2306,156015.004361236
2307,99038.24311866424
2308,115416.6957257949
2309,92138.59209206926
2310,159612.65300206974
2311,52532.37801993909
2312,49444.66674084986
2313,132637.02856116858
2314,88090.07551603435
2315,122119.12546470026
2316,89689.14697054379
2317,54939.731584559704
2318,94215.26104509026
2319,65420.345886338124
2320,90172.99819466121
2321,103690.74163158576
2322,115601.28965500357
2323,106161.82697527547
2324,98327.29155490629
2325,41017.38094240401
2326,325774.3663321907
2327,97853.46489381087
2328,113283.17637286957
2329,156348.82805242
2330,58330.10630064174
2331,99631.02016373834
2332,57166.66349723765
2333,89738.41789777622
2334,91490.88227603122
2335,173979.1597726795
2336,15075.432955191805
2337,23330.349800716358
2338,125987.65214618862
2339,322780.3588352086
2340,98730.74226414003
2341,58772.19277116246
2342,80356.94090801169
2343,45533.03075011763
2344,89949.04955960909
2345,108321.41444842947
2346,108607.25694000178
2347,112909.29820932234
2348,96490.94506804945
2349,47028.25595175623
2350,122663.10443674009
2351,128644.52464151436
2352,105622.70096414174
2353,93431.63418228684
2354,8076.441864361092
2355,98117.7862468458
2356,91702.83005738158
2357,70596.91947302815
2358,118725.756666293
2359,29849.52822648506
2360,103073.56751560689
2361,95745.99257055532
2362,82770.76834053153
2363,117530.35627435269
2364,107913.50402380002
2365,32370.37504833786
2366,57051.911280771004
2367,246466.0395456337
2368,156359.13172815478
2369,87530.27727784938
2370,106318.32588251747
2371,87184.5972680268
2372,34128.93227620128
2373,196693.67803162237
2374,132495.28837560664
2375,98315.77879184204
2376,86106.42291462784
2377,58658.49799788835
2378,60281.10960699488
2379,100693.38788276166
2380,38565.13577707257
2381,87925.19574524047
2382,150418.88221462833
2383,120649.04185924194
2384,87636.50606885772
2385,128158.51172615068
2386,86486.59384904806
2387,87771.97609642142
2388,46992.25217435906
2389,55199.8558592155
2390,32576.276988605547
2391,153499.70583345456
2392,37014.01865625923
2393,114575.31949540197
2394,242020.16317672346
2395,106162.93834003677
2396,113358.66857923531
2397,99696.55023157455
2398,112241.01143935711
2399,65689.87615091966
2400,104367.84248654357
2401,67901.4216965086
2402,113719.88508486543
2403,158651.191434444
2404,39113.09553903057
2405,105351.1155605725
2406,91017.92885197881
2407,117745.09861498796
2408,100209.97578944544
2409,96951.64865184073
2410,115766.46920378377
2411,29433.187921489873
2412,36989.92527546931
2413,94188.12580614159
2414,119794.78133509781
2415,165096.58283372858
2416,50843.556248160356
2417,116560.12092407058
2418,124975.30890299955
2419,98025.96411610502
2420,135769.58761241013
2421,93377.33634677184
2422,105466.52289131224
2423,88642.89181319703
2424,125360.62486130586
2425,104241.48811724452
2426,17183.802901320814
2427,60500.68763654918
2428,74635.22262464582
2429,112942.52350611477
2430,253343.2236968408
2431,92076.29675130834
2432,91100.69979460897
2433,10084.124038792703
2434,84261.95315547918
2435,57936.78280835536
2436,114729.90106390145
2437,138259.37737576565
2438,56326.80238519907
2439,97078.99709730539
2440,77384.8017506113
2441,107167.47128172447
2442,205920.58968550025
2443,90010.63728274906
2444,41140.987349756404
2445,195679.32136261585
2446,87681.76676777053
2447,59722.91940037614
2448,74352.26643898885
2449,98178.02992616677
2450,91350.00113614807
2451,56445.48584652529
2452,228250.00954188983
2453,99449.10036102358
2454,122175.91020988098
2455,35922.486656952446
2456,6355.960367762327
2457,106965.65130392891
2458,275326.2213175808
2459,57272.00553110549
2460,55284.95483902843
2461,88973.82018434179
2462,75823.39414915077
2463,61256.161961531034
2464,119166.72127761888
2465,86849.45801957048
2466,104836.28024574078
2467,121269.27297317881
2468,138143.65759049222
2469,56245.01905637079
2470,112113.73389123425
2471,106157.26391397267
2472,97646.38284348714
2473,15779.163743275538
2474,202814.52129746566
2475,16626.20254793075
2476,202092.50494322105
2477,81241.74706005114
2478,106606.34504153067
2479,127776.31546334775
2480,104872.59295108587
2481,158622.82724362327
2482,104598.41516326166
2483,55212.74457283506
2484,105703.11333179488
2485,119702.21851911482
2486,107773.59976838004
2487,95949.87613693348
2488,80811.94071349049
2489,87868.73659057698
2490,83970.86398719627
2491,14836.078781306533
2492,91277.52703341047
2493,120227.99832000355
2494,142531.7864627015
2495,153607.86845178786
2496,112653.64210770807
2497,7752.1506674566335
2498,122075.02630512956
2499,21547.49101028975
2500,56875.74603801382
2501,119186.13999014646
2502,100818.00629734927
2503,92179.34542825546
2504,95494.5971496236
2505,88056.43192965086
2506,27711.5859889907
2507,105380.69684994884
2508,114754.5473091553
2509,120227.99832000355
2510,57417.11708782616
2511,50884.002233778025
2512,202101.9452716845
2513,87084.66622572289
2514,105809.9640786052
2515,64061.193169873295
2516,83414.26200617717
2517,87692.43278399498
2518,61088.43027530049
2519,90992.21257967554
2520,107989.49004054478
2521,126577.2773819114
2522,48227.14713234021
2523,88911.7256823487
2524,133429.93003161135
2525,105606.37868211628
2526,56608.70273668997
2527,106143.12556199852
2528,94189.60629566734
2529,93874.30194605299
2530,45197.58734070959
2531,106124.58875921388
2532,82372.05463978661
2533,133865.82102043892
2534,212655.03822607425
2535,85860.88747220732
2536,94979.77560122375
2537,91528.02217166474
2538,100901.29635393531
2539,95873.31896998805
2540,49905.74174161842
2541,150895.0787730413
2542,89986.60838001207
2543,143192.09965784696
2544,33081.07582037424
2545,49001.21162212157
2546,84823.97706584231
2547,137243.29484906222
2548,32159.579185757328
2549,34061.14758824693
2550,39557.41850903974
2551,58602.88181940059
2552,118744.33328950607
2553,55438.36165232881
2554,119194.98206578595
2555,59921.40066193639
2556,95079.27399305487
2557,100526.49060677855
2558,50186.92742301499
2559,76284.06038333863
2560,95640.29325395137
2561,38027.55511768237
2562,51053.03858177956
2563,95665.61026867127
2564,88737.52571177224
2565,141620.59540322132
2566,53889.82796966977
2567,108911.38154932749
2568,121615.34915537258
2569,254456.81211532594
2570,52741.14994138041
2571,122297.36962668518
2572,106109.87395242922
2573,89710.38498671679
2574,171613.2112209546
2575,90151.96341215787
2576,145042.16523171443
2577,87007.74640313785
2578,95086.38278107006
2579,39331.9821179216
2580,120482.45409035559
2581,153675.08764897584
2582,46484.928568638
2583,93340.97749871461
2584,85056.0321419034
2585,66751.04808716704
2586,93652.73344889744
2587,96870.53888787955
2588,96010.00740357519
2589,40932.168044741586
2590,57637.86238893916
2591,29291.5276268113
2592,56085.60053962142
2593,111843.2772793268
2594,103539.72861942393
2595,29105.311154181574
2596,121207.45731793121
2597,95854.71493307909
2598,85523.28702382305
2599,33564.1029776176
2600,44977.66245459917
2601,90820.79078658645
2602,98303.88869015143
2603,29880.878121602713
2604,68810.35618017886
2605,39020.08685845061
2606,100409.7796918756
2607,138637.85077264946
2608,79377.54750184533
2609,83821.04991036034
2610,108725.21272988599
2611,263375.9212599006
2612,117084.05390004515
2613,166732.80703121488
2614,45716.909001204695
2615,29491.86660268219
2616,93153.52303958414
2617,97848.54515647121
2618,64648.78191624902
2619,99651.96742164218
2620,106051.23587375914
2621,19259.544233885666
2622,116219.43439907338
2623,161752.42041045259
2624,98099.48251662048
2625,39532.18500585389
2626,108929.68369896374
2627,110594.13995291806
2628,86651.70212968146
2629,55887.41183950145
2630,52373.29942175023
2631,101457.02150965614
2632,105659.32939570308
2633,43899.24911631713
2634,90793.04671566038
2635,41420.81187967525
2636,110822.9111941958
2637,86596.94126196325
2638,60955.89521266968
2639,34875.03511336141
2640,103522.47815419469
2641,89066.79465597343
2642,105110.15947008239
2643,69393.72521933365
2644,86438.62461670011
2645,84129.15060532627
2646,85996.6238344251
2647,301097.11493831093
2648,29255.192788272936
2649,99637.83096687071
2650,88277.69523946472
2651,137712.5668138074
2652,64713.0777448045
2653,114714.14798379851
2654,89534.68888912986
2655,29610.502083856016
2656,89382.52595214426
2657,102810.62864879517
2658,122978.57475833852
2659,34533.70806996433
2660,84082.8711504232
2661,44603.08518182216
2662,73784.52345758335
2663,101624.21708374187
2664,141695.0313790862
2665,44726.753321244294
2666,38393.24826702373
2667,114639.43072474135
2668,59346.91257366947
2669,139359.2780158901
2670,160397.8736664679
2671,98986.38348229864
2672,108704.458474072
2673,122612.13608785781
2674,138128.72906900762
2675,100352.06461753965
2676,104782.04485527835
2677,108594.17364870178
2678,35606.24043594256
2679,93340.5178659866
2680,93337.16128202797
2681,99876.22714179628
2682,40686.22683228398
2683,64072.66829996671
2684,97921.2865079263
2685,116535.88455123238
2686,107022.75386426378
2687,137923.2218729239
2688,241729.53127614112
2689,89730.3320521261
2690,93108.45183801356
2691,35042.299762372335
2692,137160.14780241717
2693,27458.716654590942
2694,93581.64752075875
2695,122532.47959671066
2696,61771.83008643611
2697,69188.18231788352
2698,88115.4392564914
2699,88859.3778015065
2700,42895.86424173413
2701,63231.92058520415
2702,49238.37514877721
2703,46665.092510328905
2704,131912.42092394683
2705,94579.68408204407
2706,103599.46541241326
2707,112321.7807185996
2708,59542.773424016574
2709,107991.61808479186
2710,56799.37386937499
2711,86232.64639594841
2712,108794.85951360795
2713,59583.28065260901
2714,108947.43648598119
2715,87015.49917993452
2716,21748.469985491232
2717,106103.4985981683
2718,67547.57072013657
2719,86974.77641043504
2720,142470.10080931365
2721,98683.70672074753
2722,86807.31563230998
2723,94892.44016042212
2724,83776.3843045947
2725,128641.91914613104
2726,96401.81764360957
2727,96371.84486515074
2728,66127.3205211741
2729,46555.10751089403
2730,210997.98997329036
2731,15771.699482533251
2732,46054.225241518936
2733,106126.27782749568
2734,88924.22337473345
2735,375948.0024875726
2736,67197.18439851036
2737,115469.31735216086
2738,52644.69336379714
2739,146202.8875187243
2740,81596.5813764517
2741,106135.63915461654
2742,117080.96971467491
2743,159329.6059072055
2744,89436.29053098142
2745,39533.152660386186
2746,74866.0702592946
2747,104984.07128847131
2748,80650.83256584016
2749,44933.37199113602
2750,99420.25283512822
2751,109279.47152157646
2752,114669.97217160683
2753,52320.79336622493
2754,96923.67975035628
2755,90747.69061466331
2756,106634.28671981885
2757,85167.81209168567
2758,92405.0185131024
2759,143109.92771261616
2760,58983.94185456977
2761,81973.3599123487
2762,152244.0257907707
2763,81815.01297803014
2764,138444.10077425675
2765,88002.35722508431
2766,93995.23724299658
2767,48142.124174356504
2768,101944.26477246359
2769,38916.14038690324
2770,52566.98130604169
2771,110215.952663677
2772,80263.88403623876
2773,52725.56950698995
2774,53024.73615782916
2775,306859.1477731962
2776,46610.62618371287
2777,129023.03716245842
2778,94020.67831322389
2779,99410.01815897068
2780,98683.70672074753
2781,83815.28324290116
2782,120015.15858397093
2783,122520.66357130131
2784,86517.3241969559
2785,105814.82024657005
2786,46034.066393107605
2787,22065.222947563
2788,82919.0389231372
2789,89851.47103374767
2790,18563.128408877892
2791,62850.70185806595
2792,88178.61185475471
2793,84432.38804332378
2794,53379.49415694486
2795,93237.87156559991
2796,364629.1977562631
2797,44390.64832770495
2798,35776.71114465473
2799,98604.54660808117
2800,69155.36770531065
2801,106131.98036565323
2802,86130.84407692509
2803,81538.42192639408
2804,85303.24282078368
2805,54674.54539131779
2806,87486.6778930913
2807,55326.952949126615
2808,86845.47321852499
2809,50417.426365282576
2810,92847.098741185
2811,39242.02564514014
2812,114221.18836900084
2813,98330.71156494637
2814,54181.659615331664
2815,38943.585957715375
2816,108995.58032016415
2817,105445.12133452196
2818,180326.24208918557
2819,106143.50866664464
2820,42747.657417079696
2821,106979.97554827656
2822,51077.33575175119
2823,68260.06871383573
2824,78054.72989112287
2825,36576.39926716722
2826,231945.68524522783
2827,25220.454935345813
2828,20408.376917583984
2829,29891.32808664193
2830,27165.235646884103
2831,99888.76654108232
2832,96570.94232064737
2833,91540.1000748527
2834,104608.10999922453
2835,28108.242573110576
2836,157369.03741195874
2837,68192.99052547991
2838,36807.604375045215
2839,14057.371174463246
2840,80530.55724268168
2841,85547.75519740237
2842,89619.69305188839
2843,99721.46710961784
2844,105701.56763616296
2845,22465.363448139142
2846,191789.31397846504
2847,180027.85212497256
2848,58579.36062506992
2849,98559.8755224046
2850,34462.45249154334
2851,117887.54927657136
2852,139165.71897375886
2853,112550.19304368446
2854,159289.5552418466
2855,100020.37078396435
2856,139432.5640530361
2857,138067.55934073695
2858,118197.12095480361
2859,100278.80564866554
2860,106122.350099505
2861,63488.669967811176
2862,39913.960082959944
2863,148431.6098282626
2864,93315.92302539264
2865,44988.883274074746
2866,104028.60448411222
2867,30884.274797949744
2868,104285.63629528738
2869,141602.0307215014
2870,44043.69356033097
2871,53531.72063366002
2872,103649.74342302443
2873,29343.34321518922
2874,88377.19431391718
2875,49618.71011145026
2876,24773.69364815572
2877,88205.86903958458
2878,41747.704390395375
2879,89754.01750033307
2880,72353.70601368006
2881,80984.09850438133
2882,72443.15811919725
2883,83229.44046900688
2884,118293.13776083394
2885,85468.65020919961
2886,14057.371174463246
2887,126384.54772237434
2888,55621.663726805346
2889,77623.66489266446
2890,48186.85167784011
2891,48808.358012118944
2892,78961.79061061618
2893,29688.225335398776
2894,49089.7487310328
2895,86022.18662556865
2896,105662.78824976558
2897,121820.8536337668
2898,125875.03543949207
2899,331698.5666302474
2900,49368.81820452699
2901,85881.21981009706
2902,93040.48390331266
2903,60409.50923100658
2904,261276.0108645396
2905,38351.72888501022
2906,51896.341104203064
2907,55613.3029960807
2908,72803.50299064413
2909,53619.58366987646
2910,95045.35876871749
2911,44199.25919461263
2912,125874.82793980678
2913,100717.55013390705
2914,114142.76734163087
2915,105146.54653820493
2916,77961.34391879149
2917,59416.21072388302
2918,429269.51570549293
2919,37063.33878745475
2920,118051.8953910687
2921,185758.3546310069
2922,82336.21745874902
2923,88066.49532067784
2924,140400.4872637142
2925,114576.81234755043
2926,105235.42622418501
2927,412581.4366029748
2928,90793.7954344161
2929,104074.63971132995
2930,42328.54569186196
2931,87074.72897829275
2932,38262.760785872684
2933,98347.32396994153
2934,101435.66829593304
2935,88406.94215725493
2936,105577.03264771533
2937,45084.743761558406
2938,106883.56145176587
2939,18556.04455274377
2940,114676.10605044117
2941,114229.72882299275
2942,83286.79474667505
2943,54232.23934534723
2944,83457.43234389047
2945,64544.95801152727
2946,48943.63202347254
2947,56773.51669764762
2948,94266.40560668086
2949,150190.70642367826
2950,87002.98241587957
2951,45777.55922368859
2952,14071.93326929296
2953,49978.39391938964
2954,58000.99384116892
2955,115601.98985959646
2956,60691.47815532783
2957,144366.94232452108
2958,103323.30579381337
2959,119767.44524306139
2960,16628.65856587411
2961,21502.87988130341
2962,105108.61342969294
2963,107931.684079841
2964,45301.0939265059
2965,43114.70224720232
2966,23282.859797148616
2967,107233.34888458882
2968,83728.13844806518
2969,94232.1639773994
2970,42840.68834035069
2971,103690.8114432845
2972,87527.81399426426
2973,106466.68511305704
2974,32462.85751003732
2975,62876.689206406285
2976,113659.0191848339
2977,115894.47949547523
2978,89775.93462546114
2979,106134.58695474912
2980,59381.79533886649
2981,43777.25801286813
2982,54426.40217471095
2983,38679.324555859246
2984,20772.068680973316
2985,291024.6372259477
2986,15600.447935759257
2987,98388.63265192973
2988,100080.15829377688
2989,121640.80914430604
2990,45652.554381877344
2991,57732.96448122719
2992,106051.70840427878
2993,112448.84644395094
2994,104676.21951071483
2995,64218.35289668868
2996,83663.92640804396
2997,25130.254429861
2998,149653.03157139575
2999,96601.66670472646
3000,98893.12528212785
3001,129659.8817554103
3002,89987.33057619046
3003,45164.60967594014
3004,84845.19606682843
3005,77478.23586810275
3006,89944.11439147958
3007,38268.707245939775
3008,99666.06449020862
3009,195968.5466212668
3010,112466.5509718746
3011,63202.72180730342
3012,88304.44059363219
3013,103699.87618781939
3014,20409.126047900325
3015,125890.82045746454
3016,32790.52905370557
3017,102609.6176049354
3018,13100.81168647988
3019,54876.205590837504
3020,68683.87606220965
3021,152094.41849168483
3022,71237.31443622071
3023,84234.99576240669
3024,81940.08380056283
3025,91560.02160319922
3026,11057.955533406432
3027,89426.19560288228
3028,162202.8637414106
3029,146949.2128961056
3030,108901.81050823098
3031,83556.45510006473
3032,86513.2354415417
3033,56783.75883093524
3034,44801.031873016604
3035,121847.04462123902
3036,47213.84399916837
3037,142241.6256361113
3038,121807.2676061873
3039,106115.95553531354
3040,45199.53662906949
3041,34068.08050804814
3042,38932.89737123485
3043,112901.4408408249
3044,98828.83566597562
3045,24453.325250391987
3046,81948.68736332565
3047,102588.16193121189
3048,108919.11636303362
3049,77324.81716560845
3050,92593.82238826343
3051,58819.132299890334
3052,107650.48051274936
3053,91201.37884571827
3054,227699.39067282045
3055,106584.88040696127
3056,61567.21113665245
3057,46458.81953638737
3058,101057.25501976743
3059,42654.347751062814
3060,105725.50901197763
3061,178504.71763775864
3062,54832.16453056657
3063,50237.498599565224
3064,83675.47014457511
3065,88165.5827507329
3066,157668.06422740006
3067,34051.09512643341
3068,146532.76596926904
3069,29247.485886636103
3070,103275.44354909986
3071,123798.88545920332
3072,86795.33997532423
3073,33874.515648447756
3074,29786.82843624975
3075,89184.38902021259
3076,35044.13681649362
3077,148651.98651802808
3078,100091.24670540848
3079,113865.54754642474
3080,100323.80407786838
3081,27150.758886161915
3082,106680.671901028
3083,122002.17950104787
3084,113526.78405198599
3085,37041.736072939304
3086,131402.1672063832
3087,46618.99215937617
3088,105373.64446277052
3089,61752.7152193191
3090,107169.03786082857
3091,69533.78941751417
3092,88325.91812174991
3093,87368.02404394631
3094,50812.18881623341
3095,343995.06715304055
3096,103889.98159796502
3097,264162.76467699674
3098,46750.681672362945
3099,119752.68581782193
3100,37409.9939403327
3101,94349.86260492248
3102,66205.07046943634
3103,93779.18335948659
3104,51099.458981762626
3105,86932.47673997961
3106,83092.06427262462
3107,51710.967195303194
3108,105128.55293365453
3109,310465.60027177865
3110,102877.4221813256
3111,93659.28778697875
3112,43891.63377628209
3113,41124.09132134263
3114,194238.66753749707
3115,74049.69060578269
3116,89232.31901364909
3117,54874.31888824608
3118,81727.0364197436
3119,83347.3730287134
3120,123182.20612094911
3121,107233.34888458882
3122,140622.12763716618
3123,93007.89764484079
3124,140885.5723728573
3125,84334.26618556931
3126,40053.06405570598
3127,44678.65141955839
3128,91771.85282401515
3129,114315.15583596837
3130,102951.07047397703
3131,67534.0987758748
3132,46055.442520499724
3133,103283.92449916064
3134,135898.52262462827
3135,105939.73154728023
3136,59318.811616697625
3137,115356.243948562
3138,103348.0575550316
3139,55026.583059024095
3140,120978.91103799418
3141,95466.40717935104
3142,94262.26475745376
3143,9590.35678841023
3144,85866.55273468178
3145,40422.90382096755
3146,106152.146107359
3147,101901.94126984022
3148,36941.09099474335
3149,113068.62158646814
3150,73111.80498008635
3151,103309.54775332326
3152,10844.218743641475
3153,83273.12168206177
3154,42261.710068570086
3155,108633.37567444904
3156,28459.384292426585
3157,40411.85624320507
3158,114454.55435333731
3159,349116.101398214
3160,47745.36436697551
3161,43645.46890542963
3162,61907.55918192897
3163,54490.64706715688
3164,125626.79219776166
3165,45959.508099943465
3166,40003.68884206478
3167,21308.20313648932
3168,93717.76776508211
3169,61083.50781420585
3170,138567.57055735262
3171,101051.98096866155
3172,104854.91940424065
3173,67180.52858117018
3174,90663.22999844767
3175,46430.84071084937
3176,87989.96557002307
3177,89383.42561153535
3178,66329.36444373215
3179,36424.33021778827
3180,88078.16513112168
3181,68398.36167128415
3182,86245.8767494319
3183,171213.60593899223
3184,87998.1283823139
3185,95172.81695558225
3186,94080.84299761894
3187,93074.44766608889
3188,214128.23351671518
3189,44557.17247923059
3190,132090.04862483864
3191,78371.2569726145
3192,88519.65818202267
3193,92210.1998384834
3194,84268.17634343849
3195,120254.83681433009
3196,71260.85091096733
3197,108980.79382754119
3198,127197.31481011909
3199,21787.652757768985
3200,153643.1532681571
3201,14819.142356170618
3202,44611.26964884697
3203,120300.80167578148
3204,115165.56600741328
3205,108995.70260777068
3206,113689.14591627596
3207,34849.425629594276
3208,43203.72342414153
3209,55526.34913018126
3210,87841.42961778033
3211,63781.97757407684
3212,180513.20025237056
3213,35571.29335857734
3214,71529.61389372905
3215,84868.02915097968
3216,102719.394194183
3217,40484.37535338076
3218,965323.9058964918
3219,103305.86555873197
3220,114472.10914984396
3221,62296.82126147354
3222,65868.87564934374
3223,114028.62445867689
3224,114934.88344521959
3225,161829.54026169365
3226,219605.13578979054
3227,187858.82879193994
3228,92972.10021797154
3229,45336.42836942384
3230,115425.1757387859
3231,143374.883740692
3232,148631.08658794966
3233,86568.88965996604
3234,51164.91420177664
3235,94460.4162489538
3236,63130.693928407025
3237,81926.34969564904
3238,48873.59245719458
3239,114058.5805238931
3240,119066.16741155634
3241,14615.917712651892
3242,98789.64131674437
3243,43816.262350704594
3244,108380.86845425548
3245,49123.40234295282
3246,33246.93936586594
3247,90237.29099539931
3248,91660.10175272355
3249,58245.920072464476
3250,34546.75825665905
3251,89406.15347031206
3252,81940.08380056283
3253,106815.95569402844
3254,139234.29820135311
3255,55483.4205540844
3256,92594.91152663241
3257,138691.33770062577
3258,37528.71352023067
3259,85089.27765432386
3260,41113.40913018156
3261,44960.11318166496
3262,104155.57509688068
3263,104531.34663889767
3264,88348.47016570962
3265,150418.88221462833
3266,51533.97578452884
3267,114274.8143691522
3268,87280.6528821241
3269,144166.05215564492
3270,125749.17851400188
3271,42607.20215573793
3272,115679.51551770426
3273,106398.10503345674
3274,23917.692944098533
3275,85176.35917402197
3276,87827.6634164331
3277,116548.10300411815
3278,108340.78997968504
3279,113911.6341868314
3280,276222.4492919566
3281,106621.11732212771
3282,100172.10645688575
3283,101907.57054855036
3284,106800.05549396973
3285,93639.92540612309
3286,123468.06351358157
3287,89319.59560537773
3288,63336.24853617417
3289,75252.61134713706
3290,97179.9344854751
3291,126850.91841015125
3292,221519.1024897066
3293,103910.25163359268
3294,198504.13197256537
3295,43808.79613271952
3296,158881.22807420912
3297,105391.09832452757
3298,64466.93565522964
3299,133386.33607464313
3300,49232.40374018338
3301,105315.8362888899
3302,126247.64054289395
3303,81765.30581316062
3304,90315.20901505243
3305,106071.82803296816
3306,57803.04550768914
3307,108849.63733345813
3308,47100.988147646305
3309,244305.1268589765
3310,38336.464976776624
3311,113896.14275695074
3312,51388.226581712384
3313,36702.68600282849
3314,134620.00479099364
3315,64585.27996540323
3316,94355.91035579378
3317,26016.828668533788
3318,99436.19382631095
3319,43350.10529802262
3320,108800.44528892264
3321,39289.51683376696
3322,101229.65007508604
3323,103145.96443503794
3324,196381.5772028701
3325,145818.24277097272
3326,81326.47734271441
3327,78139.67685701544
3328,124940.34464561871
3329,79540.22381530456
3330,193440.1707447591
3331,117989.19732807107
3332,67297.35065191593
3333,83947.80015492304
3334,159865.45529479953
3335,38616.13939743281
3336,69672.46702027295
3337,29355.399581653393
3338,26372.217967920857
3339,139990.68397570675
3340,34607.89958686076
3341,98936.47077417414
3342,107296.83429574288
3343,120082.47898480798
3344,44296.82968074119
3345,101163.03366048487
3346,53103.085656782714
3347,131770.98985704535
3348,60864.36194671955
3349,114806.69515817233
3350,94467.06250483934
3351,106749.73062986947
3352,94533.0303316914
3353,128727.88817244886
3354,99215.56671097629
3355,54199.43598422507
3356,66382.74815143422
3357,102212.24587837931
3358,106150.06019002457
3359,42544.69676479109
3360,67936.55758595724
3361,89708.373869153
3362,304748.4567326788
3363,51021.38585480473
3364,85698.73436362129
3365,90331.41613164688
3366,107279.35034649259
3367,35815.90693723152
3368,153508.15056175337
3369,90945.48514420108
3370,113359.31260556735
3371,99216.9788717877
3372,94748.03228945538
3373,88983.7005296368
3374,74348.44269188485
3375,78379.88656571184
3376,132637.02856116858
3377,38570.71276295225
3378,23733.94614790709
3379,87306.93026723767
3380,99556.09237343568
3381,95111.68553159742
3382,115109.10849012561
3383,99805.71444994758
3384,66980.12650000206
3385,97705.84936524711
3386,56531.0887405574
3387,83037.21007314647
3388,100867.88570262019
3389,116436.88793438829
3390,33727.332728735026
3391,1749.0165390028706
3392,87929.48780821268
3393,235320.7377337541
3394,100792.81654025994
3395,24222.150226379636
3396,51485.70014826303
3397,56175.81576884884
3398,114704.58565520942
3399,213181.95491032163
3400,101899.86174398982
3401,313247.197701505
3402,17424.580476208335
3403,85220.75047940893
3404,52495.65781311886
3405,104215.30908806167
3406,17995.31398454665
3407,78566.35727618412
3408,188182.55630642828
3409,108971.60445272531
3410,60155.15946127281
3411,96780.74510110538
3412,140853.70769186912
3413,162431.74700336537
3414,97707.48194658052
3415,33140.540155562245
3416,27708.326845351578
3417,41872.71427614908
3418,77222.73663240757
3419,101105.68313231389
3420,304166.12804087193
3421,113804.7868868468
3422,86267.04602210018
3423,47854.491803452736
3424,98243.30292742736
3425,33406.854935870724
3426,108064.77154324128
3427,98683.70672074753
3428,30163.94676993393
3429,99731.29290130941
3430,86507.20825148221
3431,108104.21611818485
3432,46653.99048149859
3433,59594.4072881162
3434,18754.366782098405
3435,44703.49198027107
3436,40777.6251995601
3437,106134.12063303503
3438,109243.70784190492
3439,69195.52085483765
3440,102255.3548366243
3441,133650.0342204274
3442,73614.6745980604
3443,88563.77332970865
3444,44305.11006733781
3445,90500.29326626954
3446,24963.21305379348
3447,115253.15714750304
3448,33325.7190797072
3449,204090.55972495378
3450,38822.805950922106
3451,98703.17929357622
3452,86987.6701089004
3453,119222.00594534636
3454,118389.95515554647
3455,104220.51722808648
3456,114347.65764943602
3457,70595.45669257692
3458,84916.14264588829
3459,92393.67152396757
3460,67764.46675766549
3461,30912.624059468653
3462,126654.38613372266
3463,98916.88857087189
3464,84364.60339504713
3465,107059.07220295924
3466,71481.57885848703
3467,93873.97194391838
3468,87552.17464225991
3469,122981.69503276017
3470,115287.65512587827
3471,56046.83833066128
3472,57372.55222062564
3473,93689.21480435164
3474,50346.914287286956
3475,98117.72573742452
3476,91097.12440485625
3477,272167.00220955466
3478,65140.131165112776
3479,102303.50507263695
3480,191309.74677487585
3481,118816.11317128669
3482,49266.71617072231
3483,89637.8197215146
3484,85787.73757926498
3485,54384.84902490668
3486,92215.81044775185
3487,106148.83918809879
3488,87867.46844273234
3489,98593.29621670043
3490,136828.22696502792
3491,112286.6702350538
3492,139783.13949256996
3493,340601.8390961967
3494,147446.24330008373
3495,101073.57057800605
3496,76240.23432721528
3497,26660.076136751522
3498,145298.82079767028
3499,39936.10924327471
3500,35203.15246999199
3501,53810.24968383809
3502,40835.47737251357
3503,106884.8616360882
3504,73763.41869894745
3505,32349.107397860796
3506,37490.75273738611
3507,37508.60789905184
3508,500640.3287435499
3509,113960.39154093976
3510,131906.69399219408
3511,90038.0256763886
3512,94125.19079068575
3513,118452.27706554944
3514,137502.80981441593
3515,48747.38039852049
3516,67772.54946139046
3517,94031.34376743787
3518,49683.35956172517
3519,40246.39263180972
3520,87767.02435333264
3521,108729.4337607184
3522,91517.63991778603
3523,56260.05003969044
3524,114985.09933288161
3525,86601.08909793691
3526,100403.3354535847
3527,88197.43394283784
3528,87457.50648562472
3529,147121.35437872133
3530,88669.36122482739
3531,138505.0397429862
3532,76175.32856169528
3533,100149.72032833185
3534,87182.96757417852
3535,108400.34402836263
3536,39029.201671991344
3537,290555.04353467154
3538,168293.8353259114
3539,90774.29957328712
3540,91627.58054496511
3541,59716.47242670464
3542,79145.96363899625
3543,138852.3791668804
3544,138040.92799934826
3545,38498.28227726868
3546,132598.84795319382
3547,100770.13027911502
3548,94836.11304843346
3549,108991.46892649622
3550,127738.67971094883
3551,6598.127777120753
3552,101972.3671725509
3553,94991.51459998079
3554,38690.70640672836
3555,143617.7496799946
3556,128665.57226476325
3557,106503.62838284762
3558,67173.3085903461
3559,114723.94692250747
3560,68211.5876477659
3561,94848.79758042382
3562,30619.42959139363
3563,99079.92679712088
3564,105097.99598391009
3565,334887.50593210064
3566,91830.2548031834
3567,128131.25424872366
3568,84055.69378024123
3569,105452.66721843806
3570,50328.46586876236
3571,85633.74520777664
3572,118728.01359886261
3573,106105.46126530314
3574,85448.69878423886
3575,243394.781725757
3576,23947.16362945689
3577,45363.675340485934
3578,192550.16397199582
3579,47015.94269160731
3580,104802.2944647296
3581,86988.42907625367
3582,47583.546777509124
3583,122012.15255993108
3584,78663.0866331899
3585,119965.24114195879
3586,69689.26894816927
3587,89413.7278984583
3588,89879.47029037742
3589,200750.3731947554
3590,95593.7885891221
3591,86870.3067184291
3592,30015.287830619243
3593,48125.86151082728
3594,45682.60017392205
3595,100425.8204430006
3596,36678.3335809195
3597,82893.0527860052
3598,64571.92193175253
3599,103142.42341771351
3600,105185.55938447562
3601,96827.55747480686
3602,126553.46422672669
3603,91668.32306069686
3604,41444.19390164815
3605,98948.69404859735
3606,106110.02060385008
3607,51027.89048252959
3608,107462.49579404051
3609,121134.93737054021
3610,63996.60546811264
3611,105905.1338643663
3612,89943.49492150258
3613,57558.27661255906
3614,37100.07510098764
3615,104848.2252192639
3616,88950.68584233172
3617,89906.70136736605
3618,97412.65927808303
3619,114586.58009646046
3620,22484.225638085714
3621,99726.95757377925
3622,76209.66753738016
3623,89285.08557978414
3624,99394.475941509
3625,140802.02874114312
3626,31997.63086417158
3627,105522.8890442962
3628,73408.08191284358
3629,53811.4358681531
3630,99765.23450587841
3631,89543.92299553657
3632,103570.99975224136
3633,98743.56465850021
3634,96842.77053995397
3635,289161.59076924645
3636,105044.91190385754
3637,255059.00834881346
3638,70028.95988678778
3639,154735.29424379522
3640,59464.50420840271
3641,40858.76737577641
3642,60937.74080267732
3643,31324.98200070836
3644,324535.68533332786
3645,150655.5616308492
3646,52794.94833317498
3647,107452.20825994434
3648,56355.251424580914
3649,112378.48515377477
3650,55949.786800263086
3651,105452.2211732219
3652,132208.86431599507
3653,81042.3893860987
3654,74250.68464204
3655,78097.63942956782
3656,105891.00396908331
3657,97345.17773058687
3658,106162.12918028013
3659,77945.26388217889
3660,73722.25281977038
3661,103204.09184333477
3662,66809.49873500854
3663,34263.88574927542
3664,96917.14585313556
3665,148317.78733250732
3666,119815.19986636644
3667,70031.94559108469
3668,72602.51938038044
3669,96949.69842991959
3670,131537.2635809945
3671,131726.28225979517
3672,87128.4568136163
3673,146975.46982103697
3674,60048.47096946629
3675,127448.58136777322
3676,104498.44382693437
3677,114720.19676924044
3678,65322.661366221684
3679,35170.74092103153
3680,40581.637709545976
3681,110567.43830085434
3682,32291.38229993775
3683,93760.52373464275
3684,99084.12405882162
3685,246465.02585845464
3686,59027.51184441539
3687,91238.11332758616
3688,97593.31332849074
3689,50338.01829288821
3690,119244.78428137086
3691,76370.62993003648
3692,85547.75519740237
3693,97077.78144728986
3694,8623.17126523421
3695,90304.66335543295
3696,151707.3733338053
3697,41972.05368672027
3698,42620.225948483865
3699,30753.006695154225
3700,69744.87702494733
3701,84189.11807509993
3702,49257.79547821036
3703,96297.61861289918
3704,36316.34498993232
3705,151921.72242023086
3706,102855.45809343866
3707,78408.44469824851
3708,113081.29484316411
3709,118114.97413198471
3710,98712.37158051055
3711,77473.8282601634
3712,86507.44596783313
3713,128978.75079150025
3714,125862.94495790293
3715,6708.195798695189
3716,7867.919616061277
3717,87156.95870314514
3718,99651.96742164218
3719,355559.96426663676
3720,82897.75204223994
3721,83578.353569294
3722,87823.61938531666
3723,110218.9553395636
3724,120571.29477273296
3725,67398.17230499767
3726,36480.82903506518
3727,38137.37168280365
3728,121460.6187615891
3729,95148.70479100448
3730,59769.26874721488
3731,106129.83213317831
3732,48453.03280519934
3733,105596.88592740134
3734,119662.13327057198
3735,125275.31623206341
3736,136510.9978995935
3737,120451.03392251137
3738,297731.96754501504
3739,85294.29442787165
3740,49071.01123155636
3741,51014.12581858611
3742,63170.04778897397
3743,85910.37170388694
3744,110820.12715987387
3745,89381.79337692069
3746,90991.26644280813
3747,96002.77359036168
3748,103492.66616376925
3749,85247.06496605277
3750,99757.06817226
3751,73168.42165374645
3752,94144.78747121803
3753,85405.67646679502
3754,160436.6426040018
3755,94242.46614161832
3756,107606.04577115388
3757,65596.83259531004
3758,107972.82702131331
3759,48572.00246760425
3760,105042.43902250934
3761,120308.56102035996
3762,117221.86099448688
3763,40902.716102016195
3764,36546.340076708795
3765,106376.11169622093
3766,105656.48692401742
3767,5873.79607147885
3768,62035.41849566116
3769,112567.8899148997
3770,46369.73344434604
3771,171888.5610865961
3772,116174.15593696646
3773,79633.02651669199
3774,104402.64197849785
3775,87420.10871926478
3776,108542.67510469972
3777,29649.282041207494
3778,241760.58765891835
3779,97006.78857208075
3780,51944.09630315979
3781,93669.38263543032
3782,89466.42343796
3783,264822.89155578805
3784,93941.00849182303
3785,101003.14457975733
3786,43890.48880359363
3787,58667.23343326608
3788,100426.54151819774
3789,103576.42455028428
3790,69333.61694763035
3791,106814.53509623912
3792,88419.07836436541
3793,55513.441464980555
3794,277865.5151956578
3795,88229.75762857783
3796,92331.43301829569
3797,41633.695231709426
3798,87349.76141943643
3799,105708.83385520932
3800,135287.32175456197
3801,87229.27338666453
3802,119561.50322083691
3803,145376.86362449662
3804,99655.57929154146
3805,95595.85400476446
3806,92853.55668708435
3807,87205.37743426593
3808,76033.50939678545
3809,72087.05486242057
3810,83798.75318050447
3811,88407.2520579115
3812,93055.03084550379
3813,266256.58422182314
3814,28254.848411026105
3815,129403.54785066906
3816,49796.30539957914
3817,31234.602008801157
3818,112522.80608208942
3819,98539.52628030874
3820,123114.2172360359
3821,23073.98211299652
3822,76902.59601157412
3823,136879.56441559596
3824,67660.19362132378
3825,99172.35279756587
3826,97216.92651030743
3827,105346.45678865434
3828,92321.03418228893
3829,287254.3162262712
3830,34716.6418142293
3831,195709.8215394189
3832,15909.701964527565
3833,87153.16646745063
3834,161329.36818878067
3835,93631.17641951046
3836,112532.00313377679
3837,42389.499835596165
3838,128727.88817244886
3839,54784.83335075968
3840,121423.38014459041
3841,70497.96717401242
3842,104368.22868879132
3843,39135.45064664383
3844,79559.49213269923
3845,23429.977569497438
3846,86297.41447704518
3847,106162.66096738134
3848,86605.3398003411
3849,53559.43465055998
3850,104564.61121054926
3851,103825.69186208172
3852,75324.67047492525
3853,106116.07032636182
3854,135672.08917685814
3855,89263.3742216421
3856,114623.24518693406
3857,109526.82764769446
3858,213803.99682791834
3859,126168.9437215136
3860,105052.41806797522
3861,114722.34874999449
3862,53694.70647009267
3863,89915.73367247797
3864,54653.16831507195
3865,91339.7083564268
3866,131469.7003645277
3867,195782.06393930793
3868,90214.62404200702
3869,105308.0128523606
3870,135381.92366573366
3871,36853.13067852275
3872,108568.60494259153
3873,65260.50824311274
3874,69655.63063794901
3875,87084.6782885943
3876,119183.93031657448
3877,90070.67185755991
3878,106704.9095405445
3879,102903.02319877794
3880,79886.98566885249
3881,138383.614764394
3882,55429.82597990621
3883,124985.95001150142
3884,69841.6438505988
3885,130527.93250111006
3886,60989.830091894444
3887,100427.25088002262
3888,106858.09095802494
3889,87072.7821947813
3890,97319.50854793937
3891,15644.764029275313
3892,32782.3480175987
3893,119224.0919715489
3894,105151.26046774261
3895,125874.71708644777
3896,126344.18717390842
3897,126358.29229693329
3898,33122.80659374242
3899,21794.79557224601
3900,84389.69808131964
3901,89765.32376195092
3902,158648.20573014708
3903,151143.0441250613
3904,128167.52250551329
3905,50903.87306533207
3906,99278.77206441332
3907,38501.07788570483
3908,91540.65809812643
3909,115795.16163851814
3910,109180.92129822222
3911,101933.10142605846
3912,139379.51431670354
3913,98306.26367701335
3914,75450.3645520405
3915,96504.32285531484
3916,85133.08418747025
3917,86072.73546708828
3918,91001.83109702652
3919,99255.72089858851
3920,48490.90023243203
3921,87231.12603334429
3922,104473.2085377087
3923,39467.143303697914
3924,214411.07729963638
3925,46993.403189719465
3926,30184.84670001237
3927,72161.47377139649
3928,38940.79720208379
3929,89154.78911921282
3930,119822.38424263448
3931,115442.88409933257
3932,96870.6316058372
3933,119797.03311378362
3934,56711.88275656047
3935,34214.830112667696
3936,130151.94192213546
3937,458220.190431841
3938,55888.169104966044
3939,76694.01497135483
3940,87178.24679758312
3941,103355.78700684225
3942,88355.77463867131
3943,109629.34612987975
3944,38719.83587691949
3945,66008.24197265027
3946,114726.57540324562
3947,26744.657443570184
3948,106074.15004113512
3949,89590.62362772644
3950,136100.9493948486
3951,113435.65354716456
3952,66639.56147560372
3953,120862.89218163303
3954,112384.6951152192
3955,91453.41022820701
3956,123014.00191514629
3957,127435.447768378
3958,126610.07324268804
3959,141423.25992175494
3960,528681.9376871446
3961,69961.3988134442
3962,88942.96142974778
3963,85259.7897393748
3964,53751.13645315965
3965,96515.47575465402
3966,49426.966984028884
3967,119889.28074484841
3968,101772.8809461778
3969,105210.97430252229
3970,50568.53445939055
3971,98826.32803826423
3972,67427.15631609694
3973,118293.13776083394
3974,68382.65560946736
3975,20609.504229456994
3976,99348.25905299536
3977,258761.02649132966
3978,89950.28118086286
3979,42657.215848793916
3980,91949.30018513411
3981,67336.45358363094
3982,94856.0497571044
3983,12921.103314767512
3984,119574.47916514367
3985,180021.88071637874
3986,97242.67434773843
3987,69758.41002368125
3988,45062.98432987162
3989,85480.59255384104
3990,105646.1307678255
3991,150583.71530746837
3992,84044.13806787226
3993,37863.65839513482
3994,112916.74248028295
3995,94512.83219585243
3996,134749.03477235802
3997,199282.65642297146
3998,34667.48311211438
3999,69379.85268770311
4000,112637.01219956011
4001,83428.99510950047
4002,171806.6462966581
4003,69278.69844034729
4004,102209.89805004084
4005,103915.92559112188
4006,122140.74125995026
4007,116858.08110123263
4008,94025.60872111312
4009,112700.72424182818
4010,110732.44230149793
4011,90538.36655287266
4012,150073.7967541683
4013,88502.81659865036
4014,92873.78777145318
4015,85382.95496342088
4016,85547.75519740237
4017,297379.8150286302
4018,91056.98940483114
4019,106103.38708686426
4020,135764.999087347
4021,74634.8618087195
4022,127866.9779671484
4023,53032.11321359778
4024,170882.06751455332
4025,83162.81373617987
4026,95531.71898604308
4027,114728.68193611524
4028,93246.7638992991
4029,127962.00958852585
4030,107806.7208465111
4031,112754.4675364927
4032,35860.667267424185
4033,142366.52575415582
4034,54148.271202725766
4035,95617.20584372747
4036,82365.59802679169
4037,89617.33220332571
4038,91359.9150354319
4039,34209.22159471573
4040,50931.17390548445
4041,106162.44825254085
4042,40031.42973400002
4043,89861.7500495103
4044,448451.16718127474
4045,92097.79010681946
4046,92752.28091585122
4047,17115.631485838145
4048,88826.32919491197
4049,116231.58753829238
4050,105550.53559402838
4051,140432.45367839537
4052,81970.24875435706
4053,125874.82793980678
4054,8727.179167921058
4055,98555.59501974624
4056,101586.39645140407
4057,86204.85713576262
4058,115885.77859324867
4059,65477.14378569079
4060,125675.44189847149
4061,84691.75882609392
4062,141648.39793248416
4063,85458.24335045133
4064,91750.64355971612
4065,100785.5262121846
4066,152695.37676408334
4067,85075.126086592
4068,51852.29556249702
4069,119166.30469208378
4070,50876.2294766219
4071,123495.08450037752
4072,114096.35942921882
4073,48567.88054344767
4074,104092.00101253563
4075,152721.19303657376
4076,344260.2628287567
4077,65783.01141172694
4078,91750.62413624303
4079,339854.63000931905
4080,46445.83142763471
4081,204219.45676049794
4082,67064.19030118405
4083,49526.06415730038
4084,73243.21982872773
4085,6354.004692012139
4086,114963.65853636929
4087,45276.57162922269
4088,84494.69582870622
4089,217833.693184175
4090,118359.36813392518
4091,92158.99842365328
4092,75392.84126416867
4093,107946.88116346291
4094,113918.83606126708
4095,23523.564131626365
4096,285641.73089396534
4097,56554.65549720191
4098,135367.973184546
4099,49090.528183732546
4100,147590.66752301634
4101,40861.47971897981
4102,43500.584099798245
4103,98575.28813924469
4104,95934.6575193829
4105,114681.6222916699
4106,87635.59055168083
4107,114679.86575436381
4108,42090.619013291245
4109,84189.47699334897
4110,105353.70174367283
4111,33196.218705062754
4112,149392.87274316774
4113,98314.84875008355
4114,75263.672879345
4115,103766.39412888815
4116,87112.45882500937
4117,26103.903373299196
4118,178283.5172719643
4119,34951.52289151223
4120,49158.89177806661
4121,104865.8267968693
4122,100520.74273845823
4123,92117.88079575078
4124,106554.38562553965
4125,59143.43057526281
4126,88460.74749414522
4127,91478.55402570833
4128,89611.40981531737
4129,117549.92361648612
4130,98833.87608722535
4131,89936.39860514803
4132,48077.80346398828
4133,119410.52603864523
4134,76371.85205598777
4135,19315.670308372
4136,31885.46847301988
4137,68290.76735138697
4138,222681.25694784062
4139,56137.88141085535
4140,101052.12996967977
4141,134295.3986060029
4142,117341.30651955128
4143,82214.73391605877
4144,27614.79493785932
4145,46389.9356532618
4146,95815.44369171602
4147,68409.09839216729
4148,119852.61436108932
4149,55978.77302735757
4150,43110.07045276716
4151,103459.25244834385
4152,409083.6251338842
4153,42726.43636621072
4154,45989.94176497558
4155,100412.27884758284
4156,44534.24820177059
4157,106126.27782749568
4158,92957.28209462218
4159,24982.564124250406
4160,113712.89969817652
4161,31616.22004445076
4162,35284.41955885678
4163,104431.57389656262
4164,69291.55307131993
4165,91027.32607427215
4166,35813.783227467415
4167,53672.52530070946
4168,92756.61407240694
4169,44405.361702988506
4170,32375.349576267028
4171,267862.11220559146
4172,38069.664977190136
4173,94969.69782201789
4174,57805.189503940564
4175,93331.44943581741
4176,112043.2997384135
4177,93292.90394476529
4178,8139.382132100953
4179,56813.46106071652
4180,110948.16895665742
4181,7450.100367520572
4182,65029.04319160771
4183,91547.05799208462
4184,44020.33732722275
4185,88231.37138059417
4186,87995.65644025669
4187,86144.6466453784
4188,93293.99047367695
4189,58197.142030005896
4190,96732.49444356284
4191,67036.79273376639
4192,105991.32895505245
4193,95191.0708611819
4194,83745.58342748448
4195,112258.43401282102
4196,39138.634058809126
4197,90361.24542871115
4198,55983.256934487785
4199,119574.47916514367
4200,105686.77710668374
4201,60206.43453567785
4202,33767.26560932545
4203,123204.79972374979
4204,283187.61776697135
4205,90694.94110149815
4206,105387.780917542
4207,29903.27090382961
4208,85081.65682161022
4209,31615.300456054523
4210,254775.15346162167
4211,66699.59491127926
4212,82663.13163963603
4213,37685.336363507915
4214,56299.52202272402
4215,105322.47494747954
4216,42921.380323669015
4217,83638.03506306642
4218,67295.15969244119
4219,84769.84724307404
4220,82810.91234743726
4221,34580.650237352354
4222,124940.34464561871
4223,18245.64293424943
4224,106492.1076455139
4225,71104.79710372588
4226,69826.35971551728
4227,79861.37990819586
4228,82313.11052975779
4229,107072.67517644771
4230,100408.12809698406
4231,56540.57224388154
4232,44873.71707896845
4233,93216.71178017721
4234,74931.87799033771
4235,69533.06242053388
4236,111533.05568106745
4237,35032.35147312711
4238,79879.14114634368
4239,104895.67539990704
4240,34464.51874706372
4241,86941.84576783572
4242,36778.71058126426
4243,92052.29642505969
4244,41624.01403384294
4245,86274.27273384172
4246,83963.4884114735
4247,93342.06215698713
4248,206918.1977016935
4249,167949.31067696342
4250,63332.97227802609
4251,91211.52971399149
4252,65127.449874704645
4253,63674.15004326185
4254,87197.43765802498
4255,82519.0451200842
4256,65984.50430430203
4257,34722.503043950346
4258,106099.74563369191
4259,83642.45180497562
4260,84991.72649702399
4261,86485.21896998325
4262,177722.08391808055
4263,38386.82917424498
4264,152631.7457194265
4265,103313.32412649693
4266,93107.21283349165
4267,170698.27883921174
4268,104819.93755472143
4269,210555.06411592418
4270,93051.36577486114
4271,89735.86981128047
4272,119244.78428137086
4273,197877.39075484814
4274,80176.49993370577
4275,88277.93762852716
4276,36875.6108295431
4277,102374.52936278419
4278,94348.2903691543
4279,138380.9372569183
4280,100051.44560349348
4281,103331.64102952307
4282,80603.80043279979
4283,62851.99880551004
4284,53446.03659583074
4285,97591.43007448291
4286,114719.35246936696
4287,159739.97762735997
4288,88598.6615301562
4289,117678.12777278024
4290,84660.63827010324
4291,89228.90937964238
4292,33265.38742669477
4293,11076.223599122732
4294,92477.27307278704
4295,29801.933181768894
4296,19363.420569304784
4297,105062.28761684644
4298,97733.42347696633
4299,53166.377421087585
4300,11598.530377340547
4301,103539.72861942393
4302,40635.956694386754
4303,113214.96653534913
4304,241571.9860433017
4305,73413.83905500175
4306,156144.6761507684
4307,67667.35000102683
4308,54574.33948567994
4309,88666.67952883334
4310,70889.06624946398
4311,139952.8220591669
4312,21590.320599371043
4313,77858.72422867345
4314,241167.74878522492
4315,141097.59069414402
4316,80838.44885316647
4317,264404.94051016204
4318,89692.45842959925
4319,90770.09038014422
4320,108143.59742096183
4321,81044.87510365415
4322,33053.991596407126
4323,112311.82484702552
4324,152816.97424277308
4325,105740.89850900523
4326,70128.83600187111
4327,114708.84744857736
4328,125880.8666345555
4329,91574.68802195403
4330,87773.5950866431
4331,76929.6830902188
4332,140399.9816393712
4333,83174.1503289308
4334,108772.41571016566
4335,54450.653225166796
4336,90339.00814457407
4337,15783.64229972093
4338,22440.43541842638
4339,49802.972518070485
4340,154623.90381329466
4341,116557.50790498387
4342,52552.052784557105
4343,52611.53193166289
4344,47447.51874628337
4345,104082.81316342104
4346,69772.92454289849
4347,112492.24776796786
4348,106414.88438268394
4349,86838.3978490165
4350,65158.38674343155
4351,135423.71061570192
4352,212065.23422208766
4353,84915.43193274143
4354,113964.6390983032
4355,89967.32938376546
4356,124061.31722030077
4357,81537.80702360057
4358,107591.84437734947
4359,336010.6575437405
4360,60532.61180311967
4361,245669.3215517135
4362,50885.66252689817
4363,104238.69340713939
4364,105085.94391078442
4365,87639.77366038173
4366,96747.96143269396
4367,89392.33497550031
4368,40607.83072159438
4369,42020.91873410913
4370,99937.78761794341
4371,99870.05227920263
4372,91801.35799179203
4373,76043.3795999571
4374,143681.91039211903
4375,119782.02671699658
4376,100308.19634746113
4377,96065.99524439959
4378,43642.90615774332
4379,59831.14273134255
4380,115046.7700936121
4381,124630.40487531306
4382,170959.17647061363
4383,87514.88817381678
4384,117357.40520267117
4385,50139.97366340707
4386,125886.37583783477
4387,233972.86944572354
4388,34558.90759406052
4389,121802.95848071353
4390,88009.59490846594
4391,37954.45482952346
4392,112582.31220139215
4393,70270.96025449123
4394,53057.589378429184
4395,231946.5448870046
4396,94062.56568433282
4397,39864.945046362285
4398,26124.888076352712
4399,95407.94686506524
4400,60870.491320162735
4401,77312.82642067967
4402,124012.30694892727
4403,141613.143560973
4404,211778.58965111332
4405,32676.650666359987
4406,144947.40495485277
4407,49249.53356760701
4408,99265.62638097841
4409,81516.90821810918
4410,114132.46894472816
4411,104529.93072645727
4412,70020.00277389701
4413,85221.16653063022
4414,37805.734219444814
4415,38218.10084527582
4416,170408.89175666258
4417,74943.05236034722
4418,128862.06754607886
4419,41315.901571619135
4420,108570.98744251192
4421,80250.74894145019
4422,34456.98493210487
4423,72833.15287817329
4424,104899.4932440996
4425,129677.05120081599
4426,134661.28846097598
4427,31744.231890691874
4428,105244.0875374041
4429,80342.73352533998
4430,120740.35422375363
4431,113565.08959052911
4432,97177.72477271044
4433,41661.91321469484
4434,92349.22420215502
4435,97089.05605505157
4436,46770.68091501393
4437,101062.0469121059
4438,45266.502172879715
4439,135887.73057871475
4440,106634.37270189438
4441,98974.17025402038
4442,90508.45550551293
4443,49365.22939402335
4444,41256.12698523769
4445,60974.35184169504
4446,18671.747198065554
4447,102515.85329109416
4448,20835.47556128564
4449,112512.03006817507
4450,88697.70852279862
4451,44129.434574327446
4452,107764.26702188753
4453,84449.40179930363
4454,92005.15079015162
4455,105938.62819807223
4456,93633.82504724892
4457,133989.34056232887
4458,46432.88191075172
4459,3880.329558597088
4460,55856.93099798307
4461,66268.9588345591
4462,43751.34606124932
4463,108428.54561198279
4464,87974.82739408
4465,124916.72083303735
4466,25022.493073693346
4467,50299.37263930518
4468,61101.38059374603
4469,107393.28517808634
4470,100543.90396530299
4471,33020.516622623276
4472,66367.49515470883
4473,93047.20244849393
4474,71691.76331602968
4475,85969.8089516752
4476,126563.4819039488
4477,102257.67404310686
4478,57305.28520610032
4479,123840.18979924732
4480,166983.433814206
4481,40944.46386686775
4482,86561.00294164459
4483,98704.21850396431
4484,146643.31787294254
4485,45518.0219076975
4486,65547.61796011901
4487,122486.77065740929
4488,195282.73959725845
4489,57098.97456610967
4490,8657.404734511903
4491,103320.91814000918
4492,106058.78397085208
4493,56949.54062645267
4494,91019.0107066707
4495,87711.66951558956
4496,104920.65087416947
4497,23604.374418112813
4498,48867.54140643503
4499,155812.26366536663
4500,41815.72420729396
4501,107294.93190220259
4502,68767.26754158983
4503,112168.66773076197
4504,120227.99832000355
4505,106652.48292186635
4506,94272.65056741863
4507,84322.53256094955
4508,90831.95431196991
4509,150164.3368440236
4510,85236.84458247741
4511,86057.53757642455
4512,25050.565394391626
4513,51436.88915088042
4514,84348.90862022586
4515,96076.98883026304
4516,37929.44304225205
4517,106183.56431250305
4518,91509.04558315783
4519,145092.99647546007
4520,85456.98174001812
4521,87790.7704919773
4522,161114.08002326108
4523,157806.35149924224
4524,85455.07465683475
4525,38560.52935321367
4526,111444.15923002384
4527,198927.52814082877
4528,93824.89635033578
4529,112739.4672409772
4530,89915.73367247797
4531,102078.41544022155
4532,112441.43594513366
4533,81572.43310014247
4534,69455.01988562339
4535,141098.86932586133
4536,54573.4936000858
4537,94312.9286279206
4538,149193.89184791897
4539,114721.9247259182
4540,42553.86735971233
4541,108995.58032016415
4542,71545.10641707617
4543,74753.43583756087
4544,55348.16856519949
4545,105745.98349906657
4546,93361.32690609763
4547,93534.87883149351
4548,112448.84644395094
4549,48881.3773503633
4550,68146.00467639834
4551,155896.37405238446
4552,91545.9887954635
4553,99742.05949406579
4554,121645.4492423708
4555,42061.76298908725
4556,114575.31949540197
4557,49152.474326817115
4558,48762.72251729191
4559,44971.240954082175
4560,67018.73101843378
4561,76288.0717083526
4562,56098.579026915846
4563,91451.48548687506
4564,104331.2902055623
4565,87681.25963245089
4566,118545.2098761376
4567,114543.14053374321
4568,105250.73792164601
4569,104455.20230325482
4570,446291.1580475519
4571,111531.11750320593
4572,119244.78428137086
4573,73821.8984000989
4574,38896.05474691089
4575,86363.48357672729
4576,97563.3772601245
4577,96599.88101691741
4578,9123.5190868399
4579,64743.80351008706
4580,87807.55606306
4581,40782.04530093393
4582,86329.74262746032
4583,30473.717201624066
4584,74987.54580164711
4585,80517.14804178769
4586,100978.31269907275
4587,102785.40954866659
4588,103470.42740010576
4589,117341.88986280219
4590,105804.55834463633
4591,25460.433091813524
4592,103385.37167374553
4593,67050.23887304023
4594,351497.02465179644
4595,7356.386982129217
4596,102091.56651209532
4597,103376.82949795599
4598,93608.47696574006
4599,111901.78276262274
4600,61003.73470672131
4601,90181.97746787658
4602,14357.421869583544
4603,105901.64392792151
4604,63590.54949635203
4605,95917.39261294507
4606,153232.61743283743
4607,82033.91689835314
4608,90345.01531073397
4609,113377.48594702665
4610,64683.22988193315
4611,160749.19585228502
4612,100438.26562912557
4613,106774.07054891856
4614,124435.51563664632
4615,30521.873324070504
4616,65182.01134188606
4617,34667.48311211438
4618,92424.53781893641
4619,48883.48196093153
4620,34492.12906996049
4621,105190.19225747716
4622,43115.043069623294
4623,48034.94586516042
4624,55752.00834476101
4625,34714.35517339944
4626,130674.28939741499
4627,82476.18406074005
4628,91547.09360073633
4629,114306.43173291766
4630,104404.35907445132
4631,47410.92466845429
4632,66305.08252165029
4633,54554.95794582626
4634,84597.4541944365
4635,92627.60901567599
4636,34672.83075820145
4637,177955.1330777291
4638,37060.949195249086
4639,139744.2642646302
4640,34973.110792901985
4641,128727.88817244886
4642,271514.80127004825
4643,239008.5397397154
4644,118832.58262142578
4645,10084.834779704215
4646,85547.75519740237
4647,86271.87138093168
4648,87718.1758693515
4649,100268.47592955342
4650,60093.87707615277
4651,114710.21229071465
4652,6890.346411849168
4653,112298.76534768716
4654,50952.94213682017
4655,117341.88986280219
4656,47365.6076257448
4657,114405.21458746404
4658,94498.412399957
4659,90255.22000061329
4660,34699.05294149504
4661,34337.43907884833
4662,129877.00846070789
4663,32387.559551947794
4664,75331.66025742998
4665,104593.38561041236
4666,31440.506164478044
4667,158657.1628430378
4668,132504.47871953697
4669,88473.43455270524
4670,23696.23369885882
4671,20968.680999681674
4672,106545.47712462557
4673,72778.13571822828
4674,83920.39940013517
4675,62507.63228969657
4676,21547.49101028975
4677,49123.663448153064
4678,110010.32691603615
4679,244616.0016951376
4680,145971.91305786406
4681,102661.47568526397
4682,114779.44626445854
4683,93994.73479202311
4684,116558.71297672331
4685,98963.66240903377
4686,229138.30723929597
4687,74047.6838708448
4688,100099.4331242917
4689,94691.31033607802
4690,107256.43503562426
4691,106803.64681390874
4692,106441.00131002333
4693,48979.24310722598
4694,137477.21950583893
4695,31225.189876128497
4696,91891.61839303642
4697,49912.92091243084
4698,60004.84457022684
4699,188699.38696230826
4700,52691.10244049919
4701,108253.08323926944
4702,132023.28616821137
4703,93687.87828560911
4704,76984.50836416573
4705,98270.01933171904
4706,6096.293499909498
4707,55781.6460871616
4708,30140.06113555858
4709,76510.49287726336
4710,129521.04277313025
4711,34212.96538375176
4712,50400.49710771542
4713,110134.8204672657
4714,56404.0111057786
4715,92154.97197227494
4716,95142.70558389435
4717,91615.20807132109
4718,182025.2623460206
4719,55644.34842648536
4720,118382.46877776204
4721,97011.34678678124
4722,80009.98411513584
4723,96826.82029125676
4724,198958.26351982966
4725,87280.6528821241
4726,34243.57769898631
4727,51556.56585605255
4728,116978.94586534372
4729,95772.01669919479
4730,124989.48012093916
4731,172076.00466382364
4732,90923.94936806633
4733,95604.27286691399
4734,106884.94362969411
4735,119770.85653796208
4736,49023.98731412116
4737,38668.4361439801
4738,86692.33998703066
4739,104024.80320533495
4740,51627.646434689974
4741,40233.603010277235
4742,63678.449865469825
4743,29512.87495794393
4744,66366.69900480441
4745,155241.47053599346
4746,98948.69404859735
4747,120242.46714597046
4748,85487.12230757921
4749,88847.3157150612
4750,156201.23564986803
4751,45160.353608764824
4752,89419.66459204622
4753,1018907.281726989
4754,107143.73812336168
4755,119970.96332882119
4756,112297.4197154804
4757,37818.35475131387
4758,113914.82886547093
4759,63302.56205135849
4760,34143.147461473214
4761,105508.7396000454
4762,135287.32175456197
4763,6883.017890059116
4764,23579.65267254701
4765,86553.32501237054
4766,117630.57641517463
4767,44574.12520240432
4768,84018.29674889574
4769,224097.81710848486
4770,211674.20423328155
4771,83269.1728241447
4772,117850.94451968228
4773,37239.04398180015
4774,113337.55171170093
4775,21294.688717559926
4776,41185.12583438416
4777,148287.70017400163
4778,114187.62955743771
4779,107646.16859299874
4780,64317.074163375044
4781,85607.53933257113
4782,121963.5088522816
4783,48754.656789389424
4784,103996.51970101887
4785,657971.136446333
4786,94684.38894772096
4787,51658.07550617344
4788,58287.39423873149
4789,33053.202858496144
4790,126357.95812059216
4791,94957.99357017707
4792,103090.77652178297
4793,123071.73459927076
4794,23610.14807720096
4795,104789.85760057604
4796,70430.65463082194
4797,93970.63013928173
4798,446048.492873524
4799,92634.51369163964
4800,96182.64356896435
4801,115535.7347850974
4802,392736.86648905237
4803,110896.6830941778
4804,71029.82936540624
4805,79223.39941009844
4806,63003.26676373258
4807,38476.00670991954
4808,116717.16935670488
4809,52402.40911991875
4810,117925.04834201383
4811,101814.06511721275
4812,57467.19505880521
4813,123882.03750662213
4814,85201.9052387679
4815,105434.39843792685
4816,108388.84635631653
4817,86580.51279016906
4818,170910.94114186266
4819,28474.84861897141
4820,326179.3581956066
4821,108633.37567444904
4822,126717.07086366856
4823,99614.22992734463
4824,43747.275913283906
4825,104713.8209614135
4826,85226.44195236033
4827,107093.7609662448
4828,43768.33855028835
4829,45683.680318785
4830,11820.860502832824
4831,95861.3477662248
4832,89959.77227179192
4833,93717.2200477946
4834,112619.29010873359
4835,36626.3685903594
4836,68565.92351447055
4837,111837.71992831021
4838,105719.04308080426
4839,93165.36964067015
4840,56535.40989578258
4841,28104.84568550031
4842,125365.3649524704
4843,50319.23125179992
4844,126306.41523438336
4845,113856.17110833545
4846,89776.40690863121
4847,114713.92683532996
4848,112627.68105793638
4849,99892.42314363421
4850,61467.857499800535
4851,89607.04690647217
4852,82756.60772906648
4853,110740.90874777825
4854,25661.836588635306
4855,61826.75151139058
4856,61150.908664470684
4857,47241.64482094938
4858,105240.57153508764
4859,159172.03613951558
4860,54425.92793455011
4861,96606.34429326426
4862,105232.03400879995
4863,57670.233281442095
4864,63351.46140044897
4865,76722.84400627222
4866,101758.84701326386
4867,53403.00669838935
4868,109792.19892123231
4869,112864.73488039941
4870,98269.85900102295
4871,88336.98031039455
4872,99394.475941509
4873,104350.61258446438
4874,53831.12762292205
4875,88081.57830403019
4876,121957.40698069117
4877,34865.50339081579
4878,125316.3497239432
4879,93211.6017362448
4880,212512.85277669225
4881,118315.14337361946
4882,26513.418950417043
4883,108958.9188705533
4884,59941.73368889111
4885,158600.27743134403
4886,173848.4158319992
4887,45187.60334342989
4888,153342.69370266417
4889,52405.74462928774
4890,109314.24460485167
4891,7664.234511083545
4892,113960.39154093976
4893,193458.73269589915
4894,145222.8752504657
4895,66493.2384704997
4896,106410.65766957168
4897,114347.82880450478
4898,91486.5533774971
4899,90740.79521230819
4900,10532.03741540885
4901,102497.20738738913
4902,67890.3288252035
4903,56443.35238287324
4904,119108.25730641354
4905,8179.778881759914
4906,45236.446127988136
4907,103878.56180770951
4908,50856.478853510795
4909,50813.842542273385
4910,72923.51899029469
4911,46459.17387997113
4912,106115.95553531354
4913,162353.15767592454
4914,115934.00215730835
4915,148332.0618029051
4916,27767.730796394535
4917,119100.25191926707
4918,49154.00801765041
4919,88091.96557449337
4920,91809.85988986873
4921,94287.634984728
4922,114220.60580017364
4923,68670.7523118438
4924,106145.7126547716
4925,116714.7421450152
4926,11639.720295354055
4927,119658.64267893315
4928,103979.63722726614
4929,99156.3111612354
4930,101718.81950395532
4931,172233.55617240572
4932,69771.25537695111
4933,136128.61611790647
4934,89592.63297424636
4935,90640.56199539198
4936,110680.3871727488
4937,105048.72394953632
4938,87313.4837678453
4939,110812.42995986376
4940,246388.92289976706
4941,37818.498104304126
4942,84164.85086934308
4943,46800.78365069647
4944,106816.13063252953
4945,117046.3862251758
4946,42934.18074071554
4947,20719.828001386166
4948,49864.603318755995
4949,27937.899550426228
4950,43774.54322128817
4951,90827.57226980812
4952,86101.89815163262
4953,91276.26258553231
4954,41074.89564658643
4955,119797.03311378362
4956,101904.49649113094
4957,112840.19913260867
4958,119122.1894748519
4959,53282.0466717317
4960,54066.36708697661
4961,21757.15187864656
4962,19729.303786136268
4963,105563.58710195021
4964,86005.33632302245
4965,106814.76561540547
4966,86707.97124806198
4967,85722.28926778147
4968,43223.61588608916
4969,118586.05596053785
4970,120018.81829446628
4971,36832.214240717076
4972,15152.480959368353
4973,90694.94110149815
4974,49299.39264696244
4975,32057.408756351404
4976,99278.77206441332
4977,85963.73597859644
4978,86488.84785355571
4979,83161.95105961351
4980,42220.723602987244
4981,101153.52032327476
4982,89423.52225052592
4983,84284.26697865952
4984,92473.31016061519
4985,204798.20015263755
4986,103559.28392168389
4987,216092.7813734514
4988,252770.81806805753
4989,44488.763785775474
4990,92013.43419029177
4991,95949.87613693348
4992,55501.87900320369
4993,42783.12012246193
4994,65611.55371872224
4995,114004.71072480803
4996,21586.683385072683
4997,51967.85243872648
4998,105172.45600282258
4999,112806.99498311522
5000,107772.1182610549
5001,87787.73349693477
5002,433586.68351505353
5003,104723.1474874548
5004,100043.91531072641
5005,59179.3673253435
5006,123437.17074367423
5007,178966.52875709796
5008,61936.901166625394
5009,104460.11527942908
5010,35247.21566293381
5011,81788.64033573902
5012,101287.65036944891
5013,262193.8473157369
5014,50525.01429368036
5015,105786.64198663275
5016,93552.06382645693
5017,106616.25753486373
5018,114235.01342802761
5019,37457.40057734164
5020,97902.8462657447
5021,97049.58135579176
5022,359006.0348428042
5023,119972.91139716066
5024,85704.7030256863
5025,114176.17041965241
5026,45972.68864421889
5027,99794.04859409864
5028,53379.914454729544
5029,91519.54059890284
5030,78543.39151061082
5031,114472.1201949333
5032,69032.33974251543
5033,114323.07066151714
5034,42426.97615963002
5035,125875.51387488712
5036,39919.70187731182
5037,23637.313944828806
5038,56625.26206600385
5039,81146.63842176064
5040,100543.95217222138
5041,52039.97546309007
5042,119595.27228001268
5043,219017.65693497926
5044,86208.77151550433
5045,54417.32720891894
5046,170677.57965890772
5047,117756.63313643057
5048,106147.15199395655
5049,90489.98044985977
5050,87819.11470652984
5051,142329.5806065165
5052,94818.06734441954
5053,105236.35483756414
5054,62770.83817686043
5055,66264.92701371257
5056,86705.83738419968
5057,104572.86403487065
5058,97043.74960930413
5059,324705.84520242596
5060,94790.27786735642
5061,105459.18613373439
5062,135064.07711962063
5063,90713.25690129865
5064,76205.73519248152
5065,22913.971663675307
5066,37634.148433608214
5067,184266.71203895897
5068,50803.14130733468
5069,222872.68059451279
5070,80774.40123819663
5071,51472.97496639342
5072,93779.18335948659
5073,6137.947621426218
5074,114730.26698965127
5075,119488.75181423339
5076,60340.73456848085
5077,136373.4001009451
5078,104720.0326769009
5079,97534.88754303403
5080,47743.45643326592
5081,124945.91467160992
5082,125065.87115247913
5083,96680.3332870078
5084,106051.70840427878
5085,118224.03370439295
5086,56836.44990510943
5087,117705.8489790653
5088,66500.1373042869
5089,318485.2020814368
5090,109484.08133545505
5091,57337.42045086333
5092,90719.2566871524
5093,91912.37015659465
5094,93331.03577958794
5095,52715.84651411678
5096,421609.09629477485
5097,67294.44052849583
5098,35064.33988240539
5099,47436.996976642855
5100,118997.7016722026
5101,94298.74246148257
5102,69928.02894240535
5103,104138.77905811051
5104,79005.96674252601
5105,79168.16124060843
5106,79561.14651976466
5107,102213.34659389377
5108,50819.28605615806
5109,116812.33683200092
5110,68689.49707529617
5111,119417.43249015404
5112,86163.14639981808
5113,73748.95164680442
5114,91105.17248749401
5115,119469.97032578291
5116,93451.74583591735
5117,96871.67005587558
5118,114723.59224159502
5119,11620.81831493922
5120,28126.354304947803
5121,49692.38196538626
5122,103651.1031112779
5123,56845.83971449456
5124,56944.18385940668
5125,98004.823429567
5126,97140.68534492151
5127,94422.73059053779
5128,111400.42495203459
5129,97601.30178383857
5130,96099.82402383718
5131,90669.74638869618
5132,89465.58878395132
5133,83538.25041982565
5134,104595.31455612982
5135,62398.78756030463
5136,137720.16950100806
5137,40830.26858110525
5138,121131.94582862638
5139,224829.99580705055
5140,84072.75911971743
5141,90051.16480033504
5142,125568.60698352144
5143,107437.11270501853
5144,51875.36122618124
5145,106051.70840427878
5146,135732.10780689953
5147,60890.742925275976
5148,89919.29311070929
5149,69779.17181891693
5150,73544.43752977705
5151,100425.655518719
5152,113341.51711184169
5153,268817.7721831745
5154,117341.88986280219
5155,106152.12518018356
5156,88977.71084678224
5157,39915.345054957885
5158,48021.24926140967
5159,46577.829462604874
5160,235665.6882581074
5161,54235.073183844564
5162,118293.13776083394
5163,39151.80032217573
5164,141592.48509508983
5165,97932.31657694673
5166,66117.66017997905
5167,86264.51961089863
5168,34493.562434274194
5169,85939.58472430556
5170,65952.06643097429
5171,94283.29582471657
5172,83559.92284034063
5173,369328.8872201465
5174,95619.74839501329
5175,105943.598593322
5176,105525.16409064707
5177,95308.2251391201
5178,32181.015051982657
5179,12541.61704703192
5180,99809.23368041618
5181,117880.10506967084
5182,125494.69980805715
5183,44644.41649786506
5184,119469.01136810634
5185,113973.85049425894
5186,98023.92177251544
5187,51949.13136362398
5188,50117.48504585205
5189,58451.16694665165
5190,106050.21165648756
5191,222838.65613385563
5192,110963.82044559394
5193,226770.5685172471
5194,37382.61334400761
5195,51699.02432545913
5196,51929.37825627469
5197,101294.03509440766
5198,88494.73281366438
5199,8139.382132100953
5200,91547.78937504937
5201,27421.42516240052
5202,124588.26298354215
5203,27578.023175152855
5204,93207.64976485624
5205,104194.72178505067
5206,61988.80031510875
5207,65507.89463816986
5208,141773.2604724205
5209,108991.46892649622
5210,71526.85325708686
5211,68752.83830720144
5212,105670.63432340347
5213,85975.66874807677
5214,36673.488148386925
5215,87280.6528821241
5216,27836.721078620183
5217,163682.68668215413
5218,112965.88919465792
5219,122178.83955063864
5220,103216.32333169151
5221,58375.16336743013
5222,101900.19903641196
5223,97883.44431218693
5224,99365.21263588562
5225,59000.892857210434
5226,96405.3551649389
5227,96560.11207401384
5228,139826.7226069498
5229,95617.30432141604
5230,104437.41769052287
5231,38455.44685475288
5232,117380.8525752412
5233,27763.461121886045
5234,92489.48478838816
5235,60465.65901452552
5236,106586.84775478074
5237,30196.322474776112
5238,99743.02178543295
5239,98197.7172937489
5240,128830.80115471761
5241,104520.00101499863
5242,94555.72050745481
5243,55399.942878197646
5244,34988.31739942341
5245,141913.46118004282
5246,29285.318384015416
5247,128727.88817244886
5248,95356.48824871532
5249,46873.87005107492
5250,93036.05051051755
5251,56826.761845400324
5252,114730.93324626617
5253,35986.379561137466
5254,40129.68760093622
5255,74931.89639232708
5256,72390.18788849327
5257,117413.11962362185
5258,106163.09201948099
5259,65748.39240297074
5260,116453.1808430876
5261,95800.08087558158
5262,105106.88654598416
5263,33806.05265155151
5264,64212.63050649788
5265,100354.74445715803
5266,50028.28709050157
5267,85708.46319010506
5268,7867.919616061277
5269,135959.53375516413
5270,45371.13302817741
5271,56793.09766216959
5272,102441.62113077751
5273,59415.501073556065
5274,40870.10563814983
5275,95406.15544463122
5276,55395.04451891598
5277,91256.0047008473
5278,144641.38376716262
5279,94093.17580488928
5280,492538.90016611974
5281,39075.90454735512
5282,45189.00100432962
5283,269429.0127319557
5284,6912.985805870685
5285,48308.222701607374
5286,58129.2100702828
5287,108362.32054782382
5288,118042.41675671311
5289,105373.17574792182
5290,116484.35022947761
5291,37595.85208710421
5292,105230.37961210006
5293,111822.34889230743
5294,74252.50060372429
5295,114200.57027604959
5296,48169.437976542235
5297,111066.27091893405
5298,115499.57671745353
5299,83542.28071073284
5300,44184.589165248406
5301,52212.58390267033
5302,9099.035258704425
5303,83349.84785318743
5304,145037.81699425483
5305,296880.00885897776
5306,86115.65495556207
5307,60306.52395471667
5308,43902.85327853686
5309,117639.61860597406
5310,19244.75097518426
5311,92805.81305271856
5312,51879.71027506533
5313,106119.24183903854
5314,59394.53426559482
5315,101677.59938090402
5316,103663.71549055658
5317,85521.4545478798
5318,88147.94125833645
5319,88404.77935202689
5320,112235.91964266355
5321,99214.61198155605
5322,33579.81652624399
5323,62543.183294193615
5324,53970.56812705017
5325,90339.00814457407
5326,122308.12625071123
5327,102588.33680353312
5328,85579.22807483324
5329,92229.8909045446
5330,55029.52707362133
5331,120112.88192189556
5332,333792.37328731274
5333,51528.64230697272
5334,123503.26461806374
5335,95058.94401829843
5336,42441.07437134143
5337,92980.74925589349
5338,82244.23288738007
5339,99190.88288396738
5340,148946.702980227
5341,61034.84619043319
5342,26603.21464058508
5343,87520.60984863725
5344,104848.2252192639
5345,23309.120557421644
5346,111157.63400676972
5347,90178.85476440114
5348,54593.27939334007
5349,84893.91667588118
5350,86319.43674112827
5351,17235.365730429927
5352,38154.647047323786
5353,104832.94020551698
5354,36540.17321818633
5355,46565.26122135065
5356,41138.679273305264
5357,50353.626118380256
5358,350468.4991109753
5359,181674.368330948
5360,51394.059561799135
5361,130417.46852486917
5362,32119.04845103729
5363,45784.050937916836
5364,123020.03372188182
5365,84471.83095089666
5366,90012.3519431554
5367,26962.72357674686
5368,96834.97239490777
5369,102632.39787351342
5370,101259.23121491418
5371,112407.42608545285
5372,85796.43411515691
5373,116569.00770969076
5374,106912.34019409589
5375,82650.41655158561
5376,44657.06743305627
5377,89010.30326661658
5378,44501.26208752541
5379,71715.47216480396
5380,91505.47926879341
5381,19054.502948173205
5382,88348.47016570962
5383,106862.83815353988
5384,100052.9570838332
5385,111895.37929626835
5386,10970.51481533881
5387,30411.794196271978
5388,90131.6521673989
5389,109419.08341854249
5390,103924.48304186751
5391,51899.05203377675
5392,51091.01102313638
5393,83403.95874129547
5394,39800.04144594061
5395,125827.98643481576
5396,39775.75082786402
5397,132056.33738504577
5398,34606.52030782089
5399,316441.90129920875
5400,76834.92364313705
5401,33855.526687265825
5402,148709.23262413417
5403,99660.22131223863
5404,69838.66178979819
5405,150811.31286980188
5406,82980.88591016213
5407,116997.52790674359
5408,39064.97186428212
5409,90793.7954344161
5410,105490.66901687426
5411,12893.480540302928
5412,86360.85977306477
5413,89386.8792830413
5414,105839.61834198999
5415,66452.08366369749
5416,69874.87523663965
5417,135153.7963181418
5418,55290.92405393827
5419,82711.63747948181
5420,107019.84927309965
5421,80603.80043279979
5422,194057.3400749099
5423,112297.4197154804
5424,84840.18443303429
5425,338255.9143062575
5426,83550.25401566792
5427,90829.73498961197
5428,50029.459029129095
5429,146815.80695661012
5430,102212.48120634105
5431,60985.019495521105
5432,68613.73605004797
5433,79349.51878583597
5434,50124.47975161261
5435,25297.868289581034
5436,85133.34205499844
5437,92273.92067645171
5438,112981.98995366947
5439,99738.55136186074
5440,84565.94678359794
5441,105290.86863695932
5442,110612.61568260785
5443,135167.30504461768
5444,31106.57815879251
5445,9921.412688209115
5446,88745.90705269849
5447,329596.0885661452
5448,112890.85929391386
5449,115663.86564993682
5450,114519.93965198948
5451,108626.37201489936
5452,64505.977665747894
5453,38349.54017674578
5454,98229.25218640812
5455,53360.17710930806
5456,23529.797405500256
5457,83247.79415275522
5458,104794.59766211848
5459,84643.16968696215
5460,75282.75347056672
5461,96550.97371119226
5462,121957.40698069117
5463,100426.71112782827
5464,107883.64698083083
5465,98988.37132780351
5466,122104.12535270814
5467,60116.46107250072
5468,34654.307588501295
5469,90452.31139211434
5470,156967.88232331903
5471,532823.7327825108
5472,107437.97742925528
5473,114680.03630106409
5474,83706.56164110953
5475,97813.5906878783
5476,45638.13337726071
5477,89340.55493965535
5478,52861.313736688986
5479,67596.40213483844
5480,108347.88705763577
5481,82025.0729598333
5482,79979.25193353792
5483,105088.14057366464
5484,96827.90501461294
5485,112000.74107986699
5486,102767.81985878339
5487,20513.88261815475
5488,38422.28387072561
5489,83199.15212981288
5490,28126.156798892087
5491,106150.32285814061
5492,88584.02587986687
5493,124493.6705589188
5494,109353.95826146725
5495,119439.49956668705
5496,81918.40446639982
5497,95970.01924272392
5498,118524.49235000879
5499,134407.12573781807
5500,41861.34487693928
5501,91547.03784508431
5502,114543.43413244792
5503,204180.51506799296
5504,120102.91468289214
5505,111932.48991267015
5506,117136.10776409887
5507,98893.63734277416
5508,94917.83730482419
5509,103309.76600879854
5510,48037.363274696196
5511,60929.24053597254
5512,61365.48729620573
5513,66359.67463542288
5514,106352.5598528584
5515,18355.307753268455
5516,21666.9914605671
5517,88700.8452781646
5518,76775.47394227113
5519,32571.811967603404
5520,94963.97994441085
5521,84928.31773904388
5522,76764.23914037783
5523,104408.41948223795
5524,95531.71898604308
5525,103305.57034258687
5526,166680.85669367947
5527,105687.97983574876
5528,151484.19865170412
5529,107653.79392633677
5530,92424.53781893641
5531,44031.102359211734
5532,50260.57834572041
5533,111336.86211534329
5534,101499.57149708142
5535,198717.72917623835
5536,48310.73165846702
5537,42452.958760382295
5538,122259.16107486446
5539,106055.37257771219
5540,96351.25498023059
5541,105722.64813793359
5542,103795.71046130171
5543,54041.15343600069
5544,104685.88114296425
5545,90638.88007523015
5546,113543.80826724802
5547,104920.65087416947
5548,47386.811529933795
5549,93752.04197459966
5550,100089.64893652762
5551,84493.68682738043
5552,87808.28810341853
5553,80979.05521750185
5554,103721.52952780387
5555,106162.62442165984
5556,106952.00437237238
5557,112589.00771950382
5558,99202.75475792021
5559,48934.49145947996
5560,197710.81767401047
5561,129894.19825485947
5562,92031.53718257832
5563,132393.94790662796
5564,63443.62914496906
5565,50886.50017178805
5566,13543.297675181777
5567,85471.50629778676
5568,88439.92070567684
5569,27637.57911292989
5570,144111.46000239003
5571,114087.85598948329
5572,100771.47979545733
5573,179302.92582472978
5574,107450.11314263726
5575,55323.49127304493
5576,111875.74663072293
5577,92906.48514114054
5578,34305.29347607301
5579,58831.826077072634
5580,238399.31151269824
5581,99621.4289659438
5582,99565.08717677419
5583,54255.34893310642
5584,112903.86034380911
5585,141083.86215258163
5586,27545.640255701226
5587,112226.67883523884
5588,86168.61393980242
5589,102084.80147300815
5590,48473.2188723031
5591,134620.00479099364
5592,141683.9676700948
5593,91175.4855892578
5594,114052.44788010667
5595,104744.05819963715
5596,33542.64107763685
5597,86749.69969853296
5598,35371.67867461403
5599,47144.29763280091
5600,88117.31467493412
5601,77125.09314095174
5602,44379.384657995855
5603,13331.417514728717
5604,100297.50044974624
5605,310158.57293193985
5606,111904.80576298035
5607,96677.3109692671
5608,80546.96804408789
5609,77193.04506217397
5610,144607.11657057318
5611,105457.44532561013
5612,60520.57012512458
5613,23579.018915604596
5614,127595.54120213444
5615,34946.508411107774
5616,31030.55483210353
5617,88885.4588558769
5618,56953.26442942822
5619,47965.92719722423
5620,31682.644494573477
5621,38211.61250465429
5622,46868.7608558341
5623,98734.51678762298
5624,9582.899175309809
5625,114730.98431656927
5626,106106.00861386949
5627,46157.81634972357
5628,158975.1219423603
5629,104278.44791289406
5630,176220.79493624793
5631,11725.27744463797
5632,90787.85722320841
5633,71344.03468220298
5634,9100.150477786126
5635,177707.62047710683
5636,57494.3424996377
5637,94477.04312858108
5638,33997.35598007022
5639,24470.194502263323
5640,87243.93658483458
5641,33876.49339881542
5642,56218.91358614199
5643,110919.433784649
5644,113494.01430943455
5645,52751.756187507126
5646,314721.26002482517
5647,25481.157034107273
5648,124283.79441795677
5649,90636.18136367353
5650,115027.61612034867
5651,95484.45282497238
5652,174740.4485898366
5653,31244.019728088642
5654,51320.139179152335
5655,87416.39814184226
5656,107681.72944696584
5657,88234.62483687546
5658,88997.88827507586
5659,94611.04151884218
5660,47115.8083958904
5661,93340.5595655919
5662,97918.68835969664
5663,42963.783245831
5664,131230.9766956601
5665,64613.958892414434
5666,58175.36083454212
5667,83971.06107557246
5668,313681.60838875937
5669,135807.973279621
5670,48037.38964669312
5671,113426.77952026635
5672,93018.94754339368
5673,95712.307517673
5674,38045.31925878998
5675,53281.161698856085
5676,103458.2019980813
5677,98075.43765230845
5678,163203.95564906934
5679,45927.56065491898
5680,142953.13293692184
5681,93652.56410021179
5682,204777.31708401378
5683,16866.77805969077
5684,107002.086492415
5685,62128.94519429638
5686,273117.98621147877
5687,83730.82142280236
5688,105228.9834026154
5689,83385.61965465506
5690,30982.488041707125
5691,168166.9546643576
5692,105106.88654598416
5693,122680.6414332046
5694,76113.26456174612
5695,86939.08448754644
5696,122001.89598191959
5697,99914.42398024471
5698,139360.01149897615
5699,116124.84453549034
5700,62469.30474022443
5701,31796.63643052167
5702,92398.82141161035
5703,45716.93410119609
5704,57644.42306079017
5705,110836.59886367767
5706,93779.18335948659
5707,85404.20715923546
5708,106096.21147500961
5709,66484.45782201337
5710,119583.66854472154
5711,40513.472291358186
5712,87623.0747451118
5713,12498.275242873668
5714,328485.77211815224
5715,114690.37330870451
5716,131858.0859443227
5717,57556.61843818969
5718,26755.7680049631
5719,164992.05734104582
5720,57894.14716702471
5721,97363.75141726184
5722,186321.8272248893
5723,40655.82254837906
5724,55457.47820318343
5725,168018.40869681083
5726,101366.65873034013
5727,90797.52338658548
5728,53175.41153279827
5729,223341.07173955644
5730,95039.13463522635
5731,96727.23612872457
5732,197913.55258321506
5733,112387.91343557891
5734,85781.70398131153
5735,53048.16497918428
5736,29309.283796313015
5737,144733.0134534053
5738,34330.55214991352
5739,92505.60923946652
5740,111984.56560189954
5741,5778.654740222926
5742,40644.370619963614
5743,100425.53979060093
5744,114155.10292823937
5745,91376.68498768684
5746,60894.08848596233
5747,46379.97703346328
5748,103784.7693146278
5749,44578.88629818201
5750,55784.18865151476
5751,108436.72861853272
5752,112115.66894033381
5753,50415.02150274046
5754,110554.97248879222
5755,206981.25330793625
5756,91407.64906061406
5757,221882.66109892924
5758,114239.43546032823
5759,98697.42909435742
5760,55079.83278429974
5761,99810.21620143233
5762,83658.6655109385
5763,168807.1591860901
5764,152772.22277925687
5765,84567.02389651265
5766,92500.61304061224
5767,55466.5668636785
5768,94292.86352817094
5769,47252.588704510985
5770,98258.94119017631
5771,141313.82140857168
5772,103765.96479687473
5773,94420.71098364804
5774,102818.050625279
5775,112181.09890078286
5776,139188.02701471664
5777,97554.57686103148
5778,42845.253105819895
5779,159908.2848838808
5780,107028.95931108447
5781,62114.07046044855
5782,55065.13899969518
5783,90479.11503836644
5784,81294.00534467702
5785,97570.00209620842
5786,92410.55624996954
5787,105365.56442889788
5788,44550.374199627026
5789,209294.1353913886
5790,59847.65123930911
5791,506419.0132570813
5792,71654.27341411426
5793,81987.24203220224
5794,102521.81005174133
5795,37951.730979850734
5796,78309.18343669253
5797,161805.14046254806
5798,61729.412446685776
5799,83194.02180436302
5800,88090.07551603435
5801,53012.10914178072
5802,87698.96083274935
5803,87784.4966578956
5804,95809.07988803872
5805,85309.09260476181
5806,51538.674502008216
5807,48158.715724937516
5808,210173.60856906255
5809,88598.09768737666
5810,119190.67444274317
5811,104258.62010494128
5812,55885.363170184166
5813,51020.438914532904
5814,87229.27338666453
5815,89375.21305956658
5816,50679.65407114495
5817,324720.77372391056
5818,252086.77756568708
5819,55775.45296426867
5820,113233.62364486857
5821,133305.5196866687
5822,104518.30818621613
5823,99846.71434324322
5824,104920.65087416947
5825,56069.33117689192
5826,98220.74628882247
5827,138100.5346966391
5828,145538.97578298702
5829,7651.8625454753565
5830,94014.8357531899
5831,39091.79381043721
5832,66506.66673842397
5833,105770.64672630036
5834,61659.89543400711
5835,97828.8305256635
5836,58374.48531814193
5837,41659.33177985735
5838,92739.77685960628
5839,184301.62033990218
5840,93257.73209029675
5841,65991.69466520987
5842,114729.76987413199
5843,86919.61192110904
5844,102522.6024118362
5845,105690.58582681214
5846,88609.68314247085
5847,58186.20638343127
5848,36729.97872669032
5849,79944.15340001078
5850,107927.14272557767
5851,146087.9685852807
5852,121929.10804201993
5853,126989.35593780507
5854,15849.316581768173
5855,118652.45176989191
5856,121332.27648437057
5857,103997.17904605917
5858,84536.0314094767
5859,14578.195564151036
5860,85712.96283118916
5861,113708.29475731064
5862,38740.1791788261
5863,107667.52176565834
5864,113459.57553309093
5865,91023.22239650934
5866,52671.55230717876
5867,95526.35013118442
5868,181182.79111439956
5869,148904.91856347054
5870,5773.574462820263
5871,6912.985805870685
5872,36721.39506226382
5873,60913.117559204475
5874,91830.52103729342
5875,85942.89237409721
5876,93562.7016618873
5877,87002.98241587957
5878,69375.92477226864
5879,39961.066581284715
5880,34314.827146604584
5881,200179.2194580334
5882,42596.5894988934
5883,47162.54446598547
5884,96164.22149904848
5885,39352.16051413233
5886,106746.49883527131
5887,153225.15317209513
5888,87937.02128933847
5889,53483.5998861898
5890,105770.46680890225
5891,105606.4327435865
5892,83556.45510006473
5893,111859.07721291883
5894,154436.18669326004
5895,83772.83420531005
5896,104739.85637873526
5897,51941.10232622831
5898,11255.28769180438
5899,54891.21239647118
5900,104804.68734473396
5901,81867.6691708369
5902,47830.42001617573
5903,86881.21842911563
5904,87605.53059302137
5905,87594.070395251
5906,195265.97470785037
5907,93265.79029916188
5908,115634.50963880103
5909,57943.52523743815
5910,40837.06039196665
5911,129921.31103600362
5912,59234.25338146796
5913,146634.11866057146
5914,38006.01966427978
5915,89982.66220881366
5916,93116.22913840623
5917,30136.235617939834
5918,246340.8537829846
5919,47442.38833182512
5920,47637.09382530664
5921,105130.69254314265
5922,113178.29154838891
5923,108107.92898151158
5924,18204.44034448758
5925,54794.418561901024
5926,149393.15243361238
5927,99733.46737173824
5928,104886.05378928807
5929,43068.86774877278
5930,128727.88817244886
5931,119942.68764425522
5932,249236.943746017
5933,98315.33040395142
5934,106391.88804398895
5935,53975.05242251539
5936,105418.20775331696
5937,117961.03616794913
5938,113747.23346644921
5939,38409.94752821425
5940,91689.332721152
5941,104994.80085756154
5942,56089.779120183215
5943,47498.7025283143
5944,95449.46431000857
5945,83673.89408031516
5946,81927.5579427477
5947,77409.80629849106
5948,118197.12095480361
5949,34351.67889330289
5950,95934.19079116089
5951,85658.77442568993
5952,100524.28229038721
5953,44821.97198223525
5954,25655.476000544877
5955,93309.20746426021
5956,47746.457976057456
5957,147509.07396832033
5958,102514.3969954677
5959,99630.38656186266
5960,84891.50963562589
5961,101930.42814166192
5962,107989.9934748426
5963,70552.2582124528
5964,93633.82504724892
5965,91408.02637124102
5966,123113.54227665921
5967,45621.265540633365
5968,347087.093187153
5969,122286.37217572519
5970,116727.09593834907
5971,37077.75980868003
5972,103775.26229758312
5973,93891.26870059321
5974,70955.02274386572
5975,44181.01583758101
5976,119095.99966702684
5977,33300.37693634956
5978,64227.25117399734
5979,109107.52176087438
5980,114429.36779174033
5981,8623.17126523421
5982,47747.0387821139
5983,106832.91813584951
5984,84982.75079118564
5985,60382.062379342184
5986,112660.50720202916
5987,93440.91671926393
5988,56963.17374509614
5989,90718.84310034134
5990,94838.38298686815
5991,106051.70840427878
5992,119007.7673373939
5993,98208.81368184664
5994,97963.31440971092
5995,127076.50757952656
5996,47707.26243164744
5997,85644.62654612331
5998,91886.9648566866
5999,77492.61275186331
6000,65756.85396169417
6001,47820.62534454402
6002,42652.77239124728
6003,112398.02756411785
6004,129140.17705051876
6005,88481.18257129296
6006,89768.76697869966
6007,87369.59746910281
6008,281676.811465252
6009,106426.21303406997
6010,109560.31653218863
6011,102146.3221410591
6012,134017.41972508992
6013,21505.25780187169
6014,36756.685031484434
6015,146160.50909362576
6016,48588.9256451378
6017,99120.12956326948
6018,104569.06048368222
6019,42296.430907173315
6020,62375.93313352589
6021,121521.31691985713
6022,50808.445422924735
6023,82771.93566496421
6024,194573.711761099
6025,81242.27082139588
6026,119595.27228001268
6027,113827.59856384799
6028,118287.26061378482
6029,43703.35707585103
6030,77526.59506828272
6031,84636.30445290398
6032,85009.14189993631
6033,54187.34506107487
6034,67121.2599226916
6035,100326.7000126841
6036,58032.73678622239
6037,61021.58661383574
6038,104450.3472640229
6039,120171.68023949837
6040,37526.76958133627
6041,89997.15318601367
6042,98990.75898160771
6043,113444.30445884522
6044,182129.8052957668
6045,107763.14347521907
6046,38899.0209964528
6047,106136.4886083738
6048,30690.887358463413
6049,86561.00294164459
6050,133053.12054012372
6051,54500.27623325038
6052,196320.95952391665
6053,86498.21460163561
6054,34986.25593307329
6055,61861.36389295041
6056,99375.56182222455
6057,93126.09321321207
6058,40017.88301934037
6059,36529.42634823853
6060,86368.82230794009
6061,98414.81293546285
6062,118273.03402035653
6063,103960.7901496032
6064,83703.51597471727
6065,170242.52283722046
6066,107356.20719155644
6067,59122.07107478376
6068,114728.94525272395
6069,89663.17108604738
6070,92305.84713547397
6071,101077.4678009712
6072,85112.6082462795
6073,82618.5287907885
6074,29760.92621674027
6075,126091.76656829719
6076,55133.45884314297
6077,95364.9707591833
6078,64458.38890035935
6079,113308.88768414342
6080,29091.3046535779
6081,102814.2889645614
6082,95702.08662906347
6083,17559.739495814327
6084,121334.94365792682
6085,27318.614079239152
6086,99355.32724093804
6087,103796.87930896376
6088,87228.12790767364
6089,89724.55128997688
6090,67622.81898923332
6091,74885.56932705168
6092,113703.43905470693
6093,83384.77973407
6094,87930.50672500701
6095,44245.81427797431
6096,55563.46926925884
6097,84442.77115199632
6098,88120.47680365578
6099,125764.80356382548
6100,146420.0571987281
6101,115231.33599640407
6102,97002.91033890322
6103,73629.27096456752
6104,40913.78024229688
6105,106683.30350707589
6106,163092.32534049213
6107,104617.46724852067
6108,67576.89528783942
6109,69541.07163223527
6110,102212.48120634105
6111,87651.16594644592
6112,90394.87536610337
6113,115765.34082078414
6114,95496.37720877658
6115,104964.63786680008
6116,106148.76797079538
6117,123744.7244019432
6118,105371.32250432404
6119,51076.41297279026
6120,50043.8341315826
6121,96271.90583649783
6122,90001.61265109481
6123,52915.65891588894
6124,43562.57724083034
6125,79708.73084151807
6126,89118.7802131088
6127,54396.04938417954
6128,36052.77621434032
6129,93541.98332849685
6130,136494.479633972
6131,104996.25171057922
6132,50095.82165730647
6133,56715.51232660744
6134,104431.73319842554
6135,71195.55676095583
6136,111609.65613283351
6137,89044.94725440226
6138,65857.77984659407
6139,85536.94609825632
6140,16347.124970659359
6141,261753.2683385039
6142,355673.98884744215
6143,107264.906659002
6144,85846.59340246631
6145,94300.59285481217
6146,110564.07744851883
6147,56546.55706828281
6148,120115.94415449233
6149,105373.5943295372
6150,49416.53567860319
6151,107222.99469348644
6152,112290.23667506901
6153,34613.28393577294
6154,119024.9209782995
6155,99318.86422740472
6156,43720.660593256674
6157,33564.69931660814
6158,452444.1403057993
6159,63781.13457435802
6160,101909.40954799726
6161,8139.382132100953
6162,96715.56808330385
6163,26872.39329787255
6164,107716.41338152724
6165,109703.54704911998
6166,68507.219529577
6167,109192.08620535056
6168,96511.21603836227
6169,96028.42632625368
6170,93608.47696574006
6171,108895.74761981098
6172,163678.62257976498
6173,62435.1270507821
6174,113358.01544159734
6175,57742.52304571336
6176,130847.44323840151
6177,82636.46450623238
6178,89082.13546426123
6179,42209.44686453596
6180,68026.94516577161
6181,81841.24980053534
6182,112278.2403389397
6183,50399.82910121219
6184,207516.5758617933
6185,113065.76305509858
6186,97172.89045077408
6187,92089.88065929449
6188,84555.13438344731
6189,47271.72536236592
6190,171340.75537233945
6191,131422.9432528852
6192,63029.7325393357
6193,77095.97720493765
6194,110221.34160205166
6195,47959.896163697034
6196,115877.84978659132
6197,45160.353608764824
6198,107630.7349031312
6199,44490.564949246924
6200,41696.27568796159
6201,54674.392976015195
6202,93867.75081050946
6203,92580.70742513312
6204,83254.2443026601
6205,122308.91871331826
6206,100802.59868654043
6207,34415.201397195415
6208,97878.77728210678
6209,39962.8938489428
6210,205116.4875237216
6211,53623.84413891894
6212,82502.79548012218
6213,112501.7688654865
6214,22690.536407350293
6215,74074.30436178677
6216,151632.84366266732
6217,103481.89173541735
6218,115480.92642628193
6219,83753.2520621709
6220,25920.248389476685
6221,85137.48719138645
6222,85728.46850759062
6223,108008.79027218699
6224,87793.71670150537
6225,117356.28970921658
6226,103502.35869815022
6227,143584.85799149552
6228,86288.43146492445
6229,85536.94609825632
6230,95118.23205475502
6231,90570.28719177019
6232,119728.05319396361
6233,82518.39980467077
6234,106698.17165126809
6235,86716.18399217982
6236,62133.497165024426
6237,122250.90306652013
6238,88754.0182716379
6239,91547.30772118148
6240,89555.55001905288
6241,30287.372951404002
6242,393761.2952991394
6243,105025.83414597466
6244,215315.97069613892
6245,88878.49959028357
6246,28860.242757430067
6247,74637.61808025725
6248,189019.26427402854
6249,98315.33040395142
6250,46799.030268176575
6251,97138.31233027969
6252,87565.57956540272
6253,108700.54483641323
6254,67954.32452642068
6255,114222.30559757348
6256,383986.81825485424
6257,119907.8498905823
6258,40393.12757281483
6259,58778.18204572455
6260,106493.13749684986
6261,119815.19986636644
6262,85930.00363560149
6263,58605.39329113996
6264,121889.74924549925
6265,132799.63819258672
6266,101779.46560028101
6267,96187.82778673669
6268,217311.39368466573
6269,118383.3053272569
6270,70616.4987851095
6271,167870.919309013
6272,83876.19518303392
6273,94160.38731126025
6274,83374.94901788497
6275,187601.42857131525
6276,69466.40978475475
6277,22153.18338090383
6278,11255.28769180438
6279,136891.379179654
6280,100033.88444724641
6281,89305.26919965843
6282,127235.78971174224
6283,88472.63386138971
6284,35540.52751488534
6285,66863.29612746368
6286,59148.68550336521
6287,51106.77359782718
6288,40840.28339079325
6289,316441.90129920875
6290,95160.96549393555
6291,106020.35627420002
6292,105445.44052463463
6293,150948.9238531891
6294,141362.51605854102
6295,59092.913224427684
6296,70611.16765744054
6297,162379.7272589659
6298,60639.479465568016
6299,115266.39410807063
6300,72800.36392769768
6301,59551.90822495078
6302,267247.7897732409
6303,97225.6513605465
6304,50084.93915613204
6305,89319.0794731139
6306,33753.64759090736
6307,51554.640731387044
6308,88666.76888620581
6309,99610.74337926343
6310,75391.3484120202
6311,105647.78588506386
6312,116555.91957170358
6313,253612.279958439
6314,272820.9564620584
6315,100195.6629114444
6316,116500.11612912365
6317,5620.993778749031
6318,89456.49143534199
6319,98181.4416451054
6320,162850.4392258947
6321,190567.35951598245
6322,118293.13776083394
6323,22929.36182012331
6324,113438.02058543357
6325,112135.89854871678
6326,109151.54316637524
6327,128725.47263049228
6328,114892.31803275888
6329,113825.62216491169
6330,89403.45668182931
6331,108607.43906915796
6332,106051.70840427878
6333,86282.48943022401
6334,62647.82840661677
6335,118508.88437049124
6336,43737.13294473048
6337,46651.12930836128
6338,133917.0449259252
6339,106693.77353803287
6340,115876.09099095462
6341,40684.24207331952
6342,10532.03741540885
6343,126395.3079316177
6344,105311.04430338422
6345,80592.64139319283
6346,102953.91569031999
6347,107186.73757824191
6348,323461.18021892593
6349,96693.08266692008
6350,37813.14641114061
6351,20763.111568082553
6352,189842.507401279
6353,55929.09699614027
6354,126723.998152031
6355,57829.37895136782
6356,89298.2393165141
6357,139737.6295752891
6358,112319.03463560382
6359,95969.995802473
6360,116285.82246285949
6361,97001.7206828467
6362,95760.52715167144
6363,74815.84707434529
6364,50392.26932918234
6365,64999.138948590844
6366,102057.86963666361
6367,50786.95634580149
6368,191228.86773727048
6369,57164.19352115353
6370,101722.10995264414
6371,92176.8091212737
6372,64546.997990179516
6373,105120.97503028637
6374,28853.695129120264
6375,30551.730367039694
6376,92692.39867693633
6377,107925.55083337706
6378,87447.63395741611
6379,66689.12830335525
6380,106183.05913343982
6381,88685.20286465701
6382,103102.75349103291
6383,104718.74091680557
6384,199157.6511274252
6385,81976.26183065098
6386,64282.49000416219
6387,36486.79647722388
6388,72897.32880078825
6389,53736.51711656194
6390,128809.85167515882
6391,55422.59588676941
6392,112313.37368560121
6393,85017.50430798136
6394,95644.67182380693
6395,34869.06000922516
6396,6814.184847706674
6397,88544.39220086703
6398,61702.86567824126
6399,87924.09597993227
6400,344027.5274101545
6401,58019.583248313735
6402,102849.86938298061
6403,75337.59337435657
6404,49864.138389934305
6405,87480.52570479215
6406,113834.32862008862
6407,53682.71072808976
6408,77850.21859290323
6409,219581.06701518944
6410,103371.52096968886
6411,95423.95331387068
6412,102127.73282244733
6413,114277.52968963554
6414,67593.05562506322
6415,119862.47487155102
6416,42729.4073379372
6417,71174.25198458451
6418,107922.13205901954
6419,52572.95271463554
6420,44353.35700901499
6421,170394.05088451144
6422,131975.73044638976
6423,94218.33196245634
6424,37749.06723451054
6425,69571.3869737121
6426,24291.858048643582
6427,105795.82063745533
6428,106402.42289599068
6429,56897.72426562857
6430,49408.74289548745
6431,150706.5406631868
6432,148303.39831355418
6433,74606.28659222084
6434,360108.8674117958
6435,159092.64763832075
6436,46147.229725383324
6437,35216.26554730098
6438,43417.16815039759
6439,463323.13234757626
6440,130843.72408847768
6441,41654.70560022082
6442,84412.5883922775
6443,115287.65512587827
6444,200.3906114645215
6445,154175.84267613798
6446,45775.9688980092
6447,82340.91001691023
6448,127591.38263962702
6449,114200.28169367473
6450,108295.5084467385
6451,85506.83088084224
6452,113231.31830446165
6453,37020.97493556175
6454,80029.65097067223
6455,56809.888309350164
6456,62357.71136577161
6457,119662.13327057198
6458,93192.78866985942
6459,69612.9752487791
6460,62908.58628505703
6461,92579.50844434722
6462,9239.532858355364
6463,89283.80712862979
6464,146411.39611055842
6465,40484.57028257816
6466,14057.371174463246
6467,84184.39734899433
6468,115906.76378268668
6469,8635.422978219645
6470,60976.99699406352
6471,113939.89548213586
6472,113627.60079589438
6473,45001.13179500637
6474,102753.56896140192
6475,10490.8868865814
6476,107271.1172719189
6477,100423.94864611133
6478,86751.76720990485
6479,202140.0013772291
6480,39665.623989982625
6481,46605.65747108843
6482,122849.74546320386
6483,98461.53002681784
6484,16438.666012985625
6485,96578.81709176388
6486,114725.24160226305
6487,103535.89000507822
6488,55100.71238598152
6489,58835.60755704684
6490,61907.08697263793
6491,122159.41093365454
6492,45869.85370745977
6493,64297.91791269448
6494,43165.83853710607
6495,100467.66140092118
6496,112002.85745196934
6497,64798.52117311978
6498,79316.22220533497
6499,96511.99268268944
6500,99421.76652464559
6501,89093.48181930956
6502,114731.2228008288
6503,42429.07415798893
6504,48737.864470676024
6505,27927.73241246713
6506,52767.67544512433
6507,84189.11807509993
6508,41742.460727536396
6509,217744.90032031888
6510,131494.1526489344
6511,49962.14840668038
6512,73551.16333731469
6513,51404.525857350265
6514,99331.22464636242
6515,318553.70558561996
6516,84183.56049528677
6517,156483.6897730822
6518,94856.00594144057
6519,100958.40834968365
6520,84607.44596368702
6521,17501.600915624498
6522,98850.9145651387
6523,59516.602852662705
6524,113819.16997092868
6525,100239.35071393014
6526,101202.13932579705
6527,85494.67818498335
6528,99085.13034226972
6529,45679.42572054962
6530,105122.83726711903
6531,114730.92387556836
6532,89468.62831115052
6533,165406.6208686679
6534,42622.45496754738
6535,37210.80122217664
6536,42922.32214803797
6537,132714.28688333702
6538,56542.78284728396
6539,476859.36108344316
6540,37325.68986901836
6541,113482.96994873013
6542,113489.11384675493
6543,35937.90639480719
6544,120084.99836504109
6545,117429.32952524348
6546,105272.77746387824
6547,330265.57218835293
6548,104149.73204900835
6549,91203.00456695704
6550,48148.561586952754
6551,76825.77963468913
6552,54353.5457660924
6553,85456.98174001812
6554,135855.15309474536
6555,34947.45119488749
6556,107303.17574476649
6557,51570.82520262695
6558,70164.03379364604
6559,89464.41889545653
6560,57804.58819400832
6561,356827.84475072497
6562,106666.51694243173
6563,91152.32464146864
6564,92510.78627061262
6565,83269.81263600507
6566,52147.81549418879
6567,33513.04172148307
6568,53864.51349804754
6569,173848.4158319992
6570,66131.63841575959
6571,51707.857741176515
6572,92540.54654709088
6573,57696.03468473726
6574,57126.69572027531
6575,105232.75431076282
6576,71204.44449816756
6577,118330.651156555
6578,61565.95118116186
6579,81206.90901011968
6580,93637.31044762167
6581,106853.37187460347
6582,114406.7622088997
6583,87204.04829003858
6584,103472.71901132623
6585,49717.98529420125
6586,83571.24932356046
6587,84815.24714474013
6588,66905.66499474733
6589,72054.54384562727
6590,55169.72255222128
6591,116004.62736298474
6592,115337.62085881799
6593,112501.7688654865
6594,83666.40707849838
6595,344836.37277988455
6596,94988.13028541672
6597,105717.46176390168
6598,86197.21037275648
6599,69508.58508158363
6600,102254.30250725927
6601,73656.9532952124
6602,120358.36896592214
6603,80832.20361936056
6604,120133.05112996059
6605,89248.77658727756
6606,124020.22523794217
6607,75865.96845019546
6608,97437.90274810373
6609,107388.89265408284
6610,104081.93782014817
6611,106051.70840427878
6612,97880.73159601941
6613,34101.14762546295
6614,105530.78544277087
6615,161653.62251294462
6616,118221.9899551987
6617,100414.95043353095
6618,38983.08364688537
6619,73768.28959152325
6620,95924.40706900807
6621,31514.45300550462
6622,36572.062323673315
6623,100398.24669613429
6624,17170.746638100427
6625,113034.38058810383
6626,77327.56980809268
6627,101192.00106271928
6628,40379.71125089245
6629,170071.763489936
6630,103570.20087776062
6631,49701.33138544366
6632,93368.86778045913
6633,104296.30283111674
6634,99620.17844631991
6635,53075.00517031866
6636,86933.74041842601
6637,91886.48398265505
6638,4039.8493895400643
6639,88668.61627924371
6640,7667.923708770792
6641,64942.116229325286
6642,88976.01983716973
6643,106633.37463925581
6644,50934.225933419715
6645,48697.875608993796
6646,56279.513875307224
6647,98165.5336320907
6648,23697.374425590067
6649,125379.07715436393
6650,86168.31118941847
6651,103878.56180770951
6652,53613.27462606624
6653,131907.52822642023
6654,88331.30304730583
6655,62562.74478151313
6656,72528.77794724055
6657,97500.80199457152
6658,78282.89668212412
6659,70157.10153908531
6660,86852.43967038271
6661,45142.439382983306
6662,83588.31781532265
6663,121440.86064891172
6664,85926.04745713256
6665,106816.14357651971
6666,121957.40698069117
6667,114704.9449728492
6668,8860.86260398569
6669,110543.51129324897
6670,67912.9215776443
6671,97693.80481508166
6672,54743.37158009074
6673,86488.53955940277
6674,135476.73827730998
6675,117925.03008225608
6676,33747.98001126384
6677,56515.26591988512
6678,95537.35372248632
6679,86849.45801957048
6680,29777.116041148867
6681,101288.51011355399
6682,108606.95319847607
6683,34974.642446994796
6684,205611.3029450687
6685,168123.42068016354
6686,95521.50398334824
6687,118011.47053971626
6688,103477.92290371396
6689,34270.65427787251
6690,137155.15225019684
6691,84456.3188926667
6692,104015.19454699881
6693,96672.4579955868
6694,102724.62610037717
6695,56897.13417665845
6696,387470.35749635124
6697,56808.972189209395
6698,180033.82353356638
6699,104579.23699570463
6700,100412.27884758284
6701,12893.480540302928
6702,45274.6107942823
6703,56576.02692962364
6704,86475.66384694028
6705,138580.55091179512
6706,106051.70840427878
6707,87873.28873337015
6708,95181.18594674117
6709,115825.7660425105
6710,28791.634079252362
6711,34137.54350511488
6712,88274.84862459874
6713,93331.12702116763
6714,105630.5552624462
6715,10490.8868865814
6716,37103.64307450751
6717,103301.957001508
6718,52458.856097618525
6719,84398.19142329783
6720,111449.68005417232
6721,16445.353512226386
6722,109381.30199775808
6723,91829.04177312437
6724,97806.74694840492
6725,185081.07886223553
6726,64076.30804306407
6727,94814.55812225486
6728,116558.71297672331
6729,97286.41981836874
6730,29757.37872917465
6731,64502.08059224491
6732,98162.1582912488
6733,99199.49074208083
6734,57354.44544325204
6735,49757.43892803682
6736,95522.16380229045
6737,231684.84980070707
6738,101009.48245122698
6739,106237.58168843307
6740,118175.49523433419
6741,94660.82083654199
6742,43333.63001908558
6743,88209.84469186318
6744,85976.36135529853
6745,79533.70303889601
6746,99085.13034226972
6747,103739.9565365294
6748,98906.96422313126
6749,87289.92143933654
6750,117745.09861498796
6751,41630.50107012936
6752,100500.97799947429
6753,112981.98995366947
6754,87978.49910011407
6755,66120.73128872116
6756,103305.86555873197
6757,39124.06892414925
6758,451394.65137922973
6759,62042.2426560638
6760,115266.12360496544
6761,57184.58648579435
6762,113884.20383943709
6763,88360.3482342794
6764,36199.1459883402
6765,150460.07949659572
6766,97195.42219870171
6767,86798.5544038278
6768,72075.36459911057
6769,105859.45447301876
6770,63364.555482729265
6771,38704.29888646897
6772,19669.849180020603
6773,61668.961513120754
6774,106521.7260115448
6775,98585.24177206233
6776,104419.89531372317
6777,9135.46190402758
6778,64484.956022961414
6779,96299.11146504764
6780,126543.35102367254
6781,29522.943414232162
6782,42344.75238386709
6783,206876.69991492812
6784,93994.49665357448
6785,108314.99281652842
6786,45664.33862053523
6787,101079.76877582056
6788,84691.75882609392
6789,88043.63147901357
6790,108430.04746197027
6791,107721.54524763985
6792,125593.69836377558
6793,78921.5168483173
6794,85446.98618851214
6795,50656.16985982483
6796,95483.47875639662
6797,106489.28804852381
6798,110768.22583088538
6799,42306.032617440884
6800,43964.40337321868
6801,121270.45170101112
6802,117606.74166730004
6803,28596.91268270256
6804,170862.41261174972
6805,106004.24882386184
6806,185026.30343700212
6807,55673.67461492654
6808,94980.13075067109
6809,132200.120176211
6810,95500.30587637257
6811,97741.78224310257
6812,44119.97879007607
6813,88091.94011595489
6814,170471.88534981897
6815,53629.75923440863
6816,39782.47634467417
6817,85190.90811866744
6818,195955.74057284207
6819,91891.58244339722
6820,91229.95451497074
6821,87395.83736604603
6822,54911.971810433286
6823,127819.17725229972
6824,6293.682882890142
6825,56499.56368555296
6826,105911.32453449641
6827,109585.60122273758
6828,149359.69593222917
6829,36326.28382244013
6830,98650.70436000198
6831,36078.8117853835
6832,107787.28213613847
6833,85159.43566047122
6834,45274.32843681956
6835,85180.25599598896
6836,147155.67655817512
6837,53095.20060087905
6838,48233.84988210151
6839,111594.97050220975
6840,89921.06136032798
6841,75386.86985557483
6842,120227.99832000355
6843,103368.40938299747
6844,40073.074474818466
6845,90092.46587500829
6846,53601.23281473738
6847,86908.15808445142
6848,115331.26728361422
6849,117892.66005516164
6850,141930.40663032042
6851,21159.52411138743
6852,114726.8851048085
6853,91810.14708520602
6854,343697.47627401154
6855,56219.277351034674
6856,93903.68031304677
6857,46246.07090789775
6858,89938.86743188508
6859,53920.65230637515
6860,85147.7090715456
6861,116790.08902131247
6862,129573.44912435907
6863,99399.69201760027
6864,121553.23958663152
6865,88918.97670982553
6866,85153.0545931116
6867,40103.3864211007
6868,48295.19101546482
6869,15783.64229972093
6870,88890.81782141268
6871,53048.50330532712
6872,69085.4326950421
6873,42390.950189793715
6874,99853.67762406306
6875,27458.716654590942
6876,81705.86801258384
6877,84834.73395303109
6878,77468.67002887624
6879,137738.57631155715
6880,38012.101369776385
6881,135773.81295075698
6882,82404.08775096631
6883,31405.80132664548
6884,58804.01593271132
6885,100408.03439000588
6886,47053.22075202064
6887,76185.50040963759
6888,86926.3684242966
6889,8561.096660891526
6890,28638.469121108
6891,133402.91712156497
6892,47252.05390539013
6893,95626.66309025246
6894,150977.11954775377
6895,96476.25064498116
6896,101649.5865386204
6897,67405.30900266759
6898,94979.18976652704
6899,165776.68093910068
6900,87169.02400764663
6901,61567.21113665245
6902,57027.60696527225
6903,108936.20784587756
6904,114016.95476715504
6905,106032.56223572322
6906,108989.42810636325
6907,198108.35885771125
6908,56353.171994088814
6909,89665.00037644689
6910,88353.70239513965
6911,114391.99979151394
6912,122258.75672925358
6913,100378.84419776584
6914,225219.21886163665
6915,132018.0248575298
6916,55058.00790403648
6917,184142.31111315347
6918,121933.81794231005
6919,86796.66799051792
6920,122560.4663125681
6921,81338.39476080412
6922,78687.76718465764
6923,75786.79884117698
6924,102936.42899538916
6925,93289.77331734811
6926,201793.63085430878
6927,86624.28623119238
6928,123333.30797925945
6929,7376.598086355472
6930,50983.95919575254
6931,51747.62513730694
6932,126825.1422014745
6933,145596.9386278928
6934,32119.04845103729
6935,33333.02040832565
6936,126150.59953008812
6937,98553.85761526373
6938,72871.92039020262
6939,108428.54561198279
6940,143663.08499913896
6941,76616.80144147707
6942,119136.02407803318
6943,60216.49704821895
6944,79148.22138298133
6945,127734.82057232018
6946,61297.169451809445
6947,42932.69537101436
6948,103825.14015750587
6949,135352.06662276445
6950,37990.54907265367
6951,100049.13713208586
6952,99415.43062533272
6953,109948.70542658788
6954,5341.4415308021635
6955,42974.23121725802
6956,41845.24886856486
6957,95134.86377097944
6958,180024.86642067565
6959,86993.0358824326
6960,120227.99832000355
6961,86722.30484082081
6962,30594.543242267922
6963,131556.21359491284
6964,89973.59641410547
6965,39105.118859262
6966,88356.65755399952
6967,68693.44095795894
6968,140172.64341835148
6969,29258.149405375763
6970,150816.71475157113
6971,107082.19416034856
6972,101887.92394350375
6973,92898.572970452
6974,94428.53068129923
6975,98559.90329897749
6976,106851.27963560518
6977,120630.978958368
6978,53317.47299393726
6979,78409.3751517028
6980,87134.12046912426
6981,68343.37535824721
6982,101079.33959786047
6983,45062.8758411077
6984,267708.305139312
6985,26011.575359143055
6986,114160.0632296214
6987,56926.728753498435
6988,117341.88986280219
6989,107990.82817619329
6990,62940.52509700616
6991,72063.98009617443
6992,128179.41939376022
6993,9921.412688209115
6994,136149.21521629114
6995,89965.71530180861
6996,89316.78345023154
6997,19093.461726856127
6998,77103.9198915347
6999,100423.94864611133
7000,22169.108687662316
7001,114216.61432054335
7002,36422.67051391062
7003,89621.86793702823
7004,105283.71430873107
7005,200071.73803123907
7006,71161.10642420211
7007,91870.47419530565
7008,106862.40603300232
7009,78783.01556491342
7010,96447.54264859651
7011,101577.06792002657
7012,52705.46571997607
7013,108400.34402836263
7014,84901.66655275637
7015,89537.61413721247
7016,49798.68137340958
7017,100337.89051286843
7018,98343.90814481323
7019,79982.27933423495
7020,79541.74552671387
7021,67879.70790255221
7022,138641.3885169177
7023,106693.19971168341
7024,108662.0167437969
7025,84886.40656071743
7026,81938.71730559492
7027,153975.22863351117
7028,114731.30479443468
7029,29940.20377939001
7030,189949.80882261053
7031,42904.90911723611
7032,83775.90604156008
7033,157204.5845188832
7034,50282.343864599316
7035,99417.49741002315
7036,55061.03676643422
7037,103603.17551775512
7038,59642.65571623556
7039,114369.18917034885
7040,37826.35796278223
7041,89557.30012636815
7042,42869.7293526555
7043,67161.84304633948
7044,88001.54350571806
7045,63978.53343992759
7046,48365.37713944822
7047,93935.61063275518
7048,128598.75520266678
7049,64319.587557524996
7050,145044.27750672156
7051,46081.99522237688
7052,25419.81159793902
7053,387496.4443840483
7054,93380.65354411946
7055,107754.57022378477
7056,97073.54145920809
7057,75532.97799912975
7058,115684.81809687572
7059,82370.0896151485
7060,93348.678338182
7061,129694.07755423429
7062,41339.994920040204
7063,50687.43989350925
7064,129622.32575822341
7065,37540.67358512067
7066,88865.03555905916
7067,157259.0270927858
7068,80533.39921318345
7069,109012.33945244458
7070,89693.75648890538
7071,192205.25052588282
7072,117357.40520267117
7073,19554.02449740799
7074,113159.83579267577
7075,152117.78956855793
7076,44150.27963999032
7077,45580.90400866126
7078,130486.51042331323
7079,93220.74084120197
7080,127753.29642351014
7081,144444.62548830628
7082,123159.94473966256
7083,92639.33222718204
7084,41623.11214132374
7085,111528.21742519844
7086,25391.708944020014
7087,91737.1822878738
7088,132159.03509545885
7089,125774.95930239397
7090,124069.57518909236
7091,63748.58177153717
7092,113533.52345785715
7093,117520.7843460724
7094,113949.02254181127
7095,115058.58823418505
7096,75621.41386293243
7097,105108.6636181334
7098,59895.596069138715
7099,112108.16066870657
7100,120710.93850467556
7101,200946.63219433563
7102,99870.49802664756
7103,198999.66964220774
7104,156748.09237467358
7105,61747.323710450044
7106,40815.2977261358
7107,98283.41427571593
7108,240941.90766733995
7109,112114.08154412331
7110,82718.86731234992
7111,47045.75290370919
7112,57586.273742367935
7113,92817.06163144324
7114,104043.19151036926
7115,112483.95282625877
7116,101925.68865692632
7117,117786.75698921063
7118,72112.73079537424
7119,87605.53059302137
7120,61512.25754004503
7121,84221.19356321468
7122,5620.993778749031
7123,86983.52020710493
7124,93645.49109749826
7125,236345.44584994222
7126,140802.02874114312
7127,129821.17852248276
7128,126852.0811863774
7129,89383.42561153535
7130,96563.12726387118
7131,58514.140629074405
7132,85710.1488150748
7133,87109.42195522174
7134,59707.19580533213
7135,236155.9758652805
7136,67884.12396433872
7137,297924.45766066964
7138,106151.44002527837
7139,56500.28470121561
7140,105838.87477711808
7141,106756.36695806465
7142,89275.3405012525
7143,88175.04752310704
7144,104505.96141850691
7145,49961.10492287928
7146,44673.34454158929
7147,62598.260944009584
7148,46388.51420005401
7149,113891.99434902643
7150,161961.03779638605
7151,131789.5873551604
7152,82189.74119196377
7153,99094.52634097249
7154,20766.218762354525
7155,137225.96761985018
7156,140600.88830919832
7157,88457.33108933449
7158,173270.56375531974
7159,40634.21036182094
7160,446048.492873524
7161,89872.80484031269
7162,12449.367396918107
7163,84707.93111359698
7164,84478.55366510907
7165,103811.82416637987
7166,102146.91384725973
7167,96493.62779452313
7168,93579.31233787518
7169,114439.12877912312
7170,88743.08155525192
7171,272176.60050574684
7172,54607.83048252112
7173,66000.93239508313
7174,98529.5767635742
7175,36896.629168526575
7176,139295.57918160228
7177,85404.20715923546
7178,73441.80019580308
7179,84559.30997388304
7180,105145.69240849979
7181,59357.9679377821
7182,120227.99832000355
7183,62141.02693834268
7184,108900.16600083493
7185,61604.08440825672
7186,80323.8561223292
7187,127368.18950248112
7188,39868.065926531846
7189,35692.00027759823
7190,66648.73256883571
7191,105771.13030666063
7192,24659.24447538382
7193,103360.88771076991
7194,58631.62665921607
7195,103939.31062004359
7196,77296.05869266008
7197,85269.7692646176
7198,46091.10926183821
7199,168311.74028319877
7200,40546.77116666088
7201,15011.376122087313
7202,153591.40872333478
7203,51997.08123474014
7204,47607.43919899454
7205,115394.1754921162
7206,122209.50949540247
7207,87027.71940064985
7208,100242.16427235177
7209,106231.80123010841
7210,55523.0998307097
7211,70903.43326327759
7212,101387.67634315124
7213,104272.24463103471
7214,103539.6789547255
7215,26798.79099349334
7216,35795.17065129481
7217,34561.321503492065
7218,110925.1734968537
7219,85098.44555026563
7220,119771.47734669257
7221,79023.59073168221
7222,103019.37831271045
7223,100425.655518719
7224,93632.35184618414
7225,74326.06646684225
7226,221556.71679517895
7227,7664.234511083545
7228,102338.97435966563
7229,57139.303102341844
7230,86564.65784313827
7231,78067.87676151277
7232,82475.09031504375
7233,62482.472801785276
7234,97862.84918102503
7235,106465.45520896834
7236,196588.48856057716
7237,96762.0164301998
7238,104057.83135157137
7239,82479.61743459292
7240,89280.0591374742
7241,123620.39308675368
7242,43922.823640412185
7243,37973.685902929225
7244,71206.38134401578
7245,81247.0297410087
7246,54019.35075130685
7247,125416.86441819103
7248,224042.59487822664
7249,90053.91188229441
7250,38463.38424442011
7251,99172.35279756587
7252,208711.63626175938
7253,22777.601156759272
7254,70598.73224584958
7255,83588.98079219332
7256,53797.13407030694
7257,108878.38847455742
7258,52344.514138627914
7259,39879.230021175135
7260,105495.30048427114
7261,67604.9984422509
7262,98682.85284440286
7263,57567.556370505685
7264,87987.86013475155
7265,96518.5728730538
7266,23073.98211299652
7267,96290.72000961255
7268,140956.72701805935
7269,90794.21213610016
7270,113321.06007902861
7271,100383.48048369358
7272,86741.34231454378
7273,108733.46566916254
7274,86912.42629770256
7275,111882.5063993596
7276,119965.24114195879
7277,114731.46175362314
7278,89304.15591370573
7279,45802.4455964597
7280,106162.80480759285
7281,52148.26568878209
7282,39634.80328049795
7283,53455.46863240145
7284,114193.83655669056
7285,100159.35855348664
7286,31513.57259045136
7287,14876.183033914327
7288,119797.03311378362
7289,41144.45942912623
7290,159412.9279732135
7291,40487.41191667175
7292,50963.42107664206
7293,91269.06315511452
7294,86105.58595139714
7295,39377.858595370606
7296,119546.68942369263
7297,89866.50390716559
7298,71097.09650497655
7299,50919.76117031896
7300,90703.87335536887
7301,55688.85654946466
7302,123175.51045915288
7303,126736.09872988482
7304,82108.74267295383
7305,81400.92422649123
7306,48794.144992679445
7307,157144.85125816712
7308,107707.88713801652
7309,16811.662907428494
7310,105020.05195688565
7311,125599.17245488083
7312,118547.81695394924
7313,96337.7626350308
7314,60670.475583228996
7315,49222.47651118228
7316,165900.1833388334
7317,85545.98537337287
7318,159209.60316437721
7319,72627.08723398954
7320,86199.674014112
7321,93331.44943581741
7322,229624.98683658044
7323,86475.05201883847
7324,142830.18477959692
7325,38558.91106474754
7326,208747.8717187147
7327,89622.12755918168
7328,51240.060967022626
7329,84854.39167568553
7330,87511.12736458382
7331,30556.208923485072
7332,30114.497029178252
7333,194792.15475819254
7334,26043.59594752659
7335,92536.6243789558
7336,97189.06975545081
7337,6912.985805870685
7338,88244.48224540082
7339,265785.3394143479
7340,116784.03688581775
7341,119531.04814347085
7342,88920.27312049302
7343,117398.04357643628
7344,85366.02724884536
7345,35953.06187938134
7346,424797.99050877086
7347,102303.90371734949
7348,53651.765065111016
7349,50232.61040345827
7350,114727.12640027735
7351,97418.63799899323
7352,36649.80917615048
7353,120147.6169140911
7354,126238.01382061171
7355,121808.86710450512
7356,30306.93483300681
7357,39965.55298745448
7358,39808.3203657939
7359,103825.69186208172
7360,106037.81154156174
7361,105755.94456995776
7362,108221.36273211829
7363,68390.29346807471
7364,103374.85353397897
7365,113740.3670970236
7366,57027.60696527225
7367,196136.8304780011
7368,7713.277868284822
7369,126972.3605326216
7370,172719.16260397283
7371,12579.85614888966
7372,35534.99560736731
7373,160540.99766155682
7374,99562.12485433316
7375,102700.83829622754
7376,93608.47696574006
7377,165247.89237281
7378,107075.84968969256
7379,82509.90743046734
7380,56516.70607484867
7381,37996.0913376974
7382,106838.4513810017
7383,12893.480540302928
7384,85153.72188138522
7385,51351.90126801295
7386,119965.24114195879
7387,99953.40228472305
7388,29947.739896494364
7389,197247.5994566856
7390,35705.19086565934
7391,208656.2255672348
7392,84904.48484131969
7393,84642.85500360643
7394,66778.61365491609
7395,98229.25218640812
7396,2667741.1389614427
7397,103573.68626897568
7398,37385.74427327633
7399,94014.28522469306
7400,113057.77266106858
7401,52559.48208465065
7402,116916.72858594386
7403,103806.24546095458
7404,47625.182527776706
7405,123159.94473966256
7406,106552.2214657152
7407,195300.75319984986
7408,37261.72084918103
7409,22587.070202942064
7410,43439.08979697148
7411,119043.66649195417
7412,23590.95125927053
7413,58550.868667641
7414,583627.3416966243
7415,125022.85352905815
7416,81978.65363222944
7417,36793.701713018934
7418,94553.57174176321
7419,118273.03402035653
7420,93919.2275463269
7421,104115.36267208394
7422,51325.065468256085
7423,106103.86777813907
7424,85672.07836854323
7425,60827.72256515462
7426,105546.16177011664
7427,111410.69242563451
7428,108392.54715494688
7429,40531.34492042144
7430,148076.33410245652
7431,104350.36884427174
7432,67578.53349037698
7433,47780.72921782351
7434,91293.08160850445
7435,55272.238199645726
7436,33644.86888683212
7437,98310.1432541739
7438,95840.11663057169
7439,91187.08265914279
7440,43793.56390393286
7441,86911.32369485745
7442,108428.54561198279
7443,47146.663740023825
7444,94731.58374470513
7445,109525.3474881165
7446,92996.54450453783
7447,84387.31518972696
7448,116550.1673688476
7449,75383.82054331274
7450,120705.25629200418
7451,21073.359594264213
7452,53902.14211706056
7453,81593.12783185419
7454,97635.59443249123
7455,113935.2691686228
7456,83418.74066790222
7457,82916.71159503782
7458,105661.50119010509
7459,102081.61912575742
7460,76649.38895683055
7461,128455.524079793
7462,36306.958378683084
7463,52248.378740649685
7464,44632.04093854974
7465,106162.6628415209
7466,86849.45801957048
7467,87756.12904297888
7468,94202.85377376167
7469,51094.64958979623
7470,105073.99297327413
7471,82669.57803751445
7472,76657.84171467372
7473,42921.937063726
7474,137599.69365299784
7475,82224.84073713442
7476,90407.6158375895
7477,37514.34601358649
7478,89856.76820678545
7479,97858.11872989766
7480,87160.11006557745
7481,85652.84918790286
7482,119797.51476765152
7483,81026.94732976177
7484,56449.957716222605
7485,114291.9193332059
7486,53110.52702612133
7487,305491.8281559049
7488,32730.863952224812
7489,109643.54401298336
7490,105420.96789235946
7491,182808.1690473195
7492,101938.06747356096
7493,58991.40021695204
7494,158708.03878837498
7495,106161.6339389004
7496,98503.59351885681
7497,115601.98985959646
7498,112417.57783093471
7499,36686.852267572
7500,49858.980076473745
7501,87717.78868903949
7502,85184.00941172114
7503,107981.72829154159
7504,61684.3633247761
7505,34503.42236854062
7506,94770.59021517554
7507,89567.52436065185
7508,82726.11350372867
7509,125249.12516070959
7510,256600.9372207179
7511,39253.77393914305
7512,86199.674014112
7513,51229.46844617375
7514,105578.77934578872
7515,95628.87672370147
7516,89262.21451761812
7517,114348.77604222063
